instance=setA-05 m=396 T=2 demands=100
  start first-bit raw=0.999986144 rank=999986  total_cost=0
presolve: 0.10s cells=438 deep=100 floors=26 proven=0 revoked=0 timeout=false
  lb_sat=0.204985875 (first-bit rank 204985)  proven_pins=0 floors=26
  pin t=1 arc=264(82->85) load=5.4249 sat=0.204986 src=source-dom proven=false forced_demands=2
  pin t=0 arc=159(66->16) load=3.1912 sat=0.115524 src=sink-dom proven=false forced_demands=1
  pin t=0 arc=264(82->85) load=2.8720 sat=0.108522 src=source-dom proven=false forced_demands=2
  pin t=1 arc=117(57->25) load=2.8720 sat=0.081427 src=sink-dom proven=false forced_demands=1
  pin t=0 arc=114(7->56) load=3.5102 sat=0.077083 src=sink-dom proven=false forced_demands=2
  ... 21 more pins (see -presolve-pins)
Set parameter LicenseID to value 2758435
Set parameter LicenseID to value 2758435
Set parameter LicenseID to value 2758435
Set parameter LicenseID to value 2758435
Set parameter LicenseID to value 2758435
Set parameter LicenseID to value 2758435
  round 1 ACCEPT: first-bit rank 999986 -> 204985  total_cost=0 changed=8 hots=5 scale=1
Set parameter LicenseID to value 2758435
Set parameter LicenseID to value 2758435
Set parameter LicenseID to value 2758435
Set parameter LicenseID to value 2758435
Set parameter LicenseID to value 2758435
Set parameter LicenseID to value 2758435
  round 2 ACCEPT: first-bit rank 204985 -> 204985  total_cost=0 changed=12 hots=5 scale=1
Set parameter LicenseID to value 2758435
Set parameter LicenseID to value 2758435
Set parameter LicenseID to value 2758435
Set parameter LicenseID to value 2758435
Set parameter LicenseID to value 2758435
Set parameter LicenseID to value 2758435
  round 3 ACCEPT: first-bit rank 204985 -> 204985  total_cost=0 changed=12 hots=3 scale=1
Set parameter LicenseID to value 2758435
Set parameter LicenseID to value 2758435
Set parameter LicenseID to value 2758435
Set parameter LicenseID to value 2758435
Set parameter LicenseID to value 2758435
Set parameter LicenseID to value 2758435
  round 4 ACCEPT: first-bit rank 204985 -> 204985  total_cost=0 changed=4 hots=3 scale=1
Set parameter LicenseID to value 2758435
Set parameter LicenseID to value 2758435
Set parameter LicenseID to value 2758435
Set parameter LicenseID to value 2758435
Set parameter LicenseID to value 2758435
Set parameter LicenseID to value 2758435
  round 5 ACCEPT: first-bit rank 204985 -> 204985  total_cost=0 changed=2 hots=3 scale=1
Set parameter LicenseID to value 2758435
Set parameter LicenseID to value 2758435
Set parameter LicenseID to value 2758435
Set parameter LicenseID to value 2758435
Set parameter LicenseID to value 2758435
Set parameter LicenseID to value 2758435
Set parameter LicenseID to value 2758435
Set parameter LicenseID to value 2758435
Set parameter LicenseID to value 2758435
Set parameter LicenseID to value 2758435
Set parameter LicenseID to value 2758435
Set parameter LicenseID to value 2758435
Set parameter LicenseID to value 2758435
Set parameter LicenseID to value 2758435
Set parameter LicenseID to value 2758435
Set parameter LicenseID to value 2758435
Set parameter LicenseID to value 2758435
Set parameter LicenseID to value 2758435
Set parameter LicenseID to value 2758435
Set parameter LicenseID to value 2758435
Set parameter LicenseID to value 2758435
Set parameter LicenseID to value 2758435
Set parameter LicenseID to value 2758435
Set parameter LicenseID to value 2758435
Set parameter LicenseID to value 2758435
Set parameter LicenseID to value 2758435
Set parameter LicenseID to value 2758435
Set parameter LicenseID to value 2758435
Set parameter LicenseID to value 2758435
Set parameter LicenseID to value 2758435
Set parameter LicenseID to value 2758435
Set parameter LicenseID to value 2758435
Set parameter LicenseID to value 2758435
Set parameter LicenseID to value 2758435
Set parameter LicenseID to value 2758435
Set parameter LicenseID to value 2758435
Set parameter LicenseID to value 2758435
Set parameter LicenseID to value 2758435
Set parameter LicenseID to value 2758435
Set parameter LicenseID to value 2758435
Set parameter LicenseID to value 2758435
Set parameter LicenseID to value 2758435
  round 12 ACCEPT: first-bit rank 204985 -> 204985  total_cost=0 changed=2 hots=3 scale=1
Set parameter LicenseID to value 2758435
Set parameter LicenseID to value 2758435
Set parameter LicenseID to value 2758435
Set parameter LicenseID to value 2758435
Set parameter LicenseID to value 2758435
Set parameter LicenseID to value 2758435
Set parameter LicenseID to value 2758435
Set parameter LicenseID to value 2758435
Set parameter LicenseID to value 2758435
Set parameter LicenseID to value 2758435
Set parameter LicenseID to value 2758435
Set parameter LicenseID to value 2758435
Set parameter LicenseID to value 2758435
Set parameter LicenseID to value 2758435
Set parameter LicenseID to value 2758435
Set parameter LicenseID to value 2758435
Set parameter LicenseID to value 2758435
Set parameter LicenseID to value 2758435
Set parameter LicenseID to value 2758435
Set parameter LicenseID to value 2758435
Set parameter LicenseID to value 2758435
Set parameter LicenseID to value 2758435
Set parameter LicenseID to value 2758435
Set parameter LicenseID to value 2758435
Set parameter LicenseID to value 2758435
Set parameter LicenseID to value 2758435
Set parameter LicenseID to value 2758435
Set parameter LicenseID to value 2758435
Set parameter LicenseID to value 2758435
Set parameter LicenseID to value 2758435
Set parameter LicenseID to value 2758435
Set parameter LicenseID to value 2758435
Set parameter LicenseID to value 2758435
Set parameter LicenseID to value 2758435
Set parameter LicenseID to value 2758435
Set parameter LicenseID to value 2758435
Set parameter LicenseID to value 2758435
Set parameter LicenseID to value 2758435
Set parameter LicenseID to value 2758435
Set parameter LicenseID to value 2758435
Set parameter LicenseID to value 2758435
Set parameter LicenseID to value 2758435
Set parameter LicenseID to value 2758435
Set parameter LicenseID to value 2758435
Set parameter LicenseID to value 2758435
Set parameter LicenseID to value 2758435
Set parameter LicenseID to value 2758435
Set parameter LicenseID to value 2758435
Set parameter LicenseID to value 2758435
Set parameter LicenseID to value 2758435
Set parameter LicenseID to value 2758435
Set parameter LicenseID to value 2758435
Set parameter LicenseID to value 2758435
Set parameter LicenseID to value 2758435
Set parameter LicenseID to value 2758435
Set parameter LicenseID to value 2758435
Set parameter LicenseID to value 2758435
Set parameter LicenseID to value 2758435
Set parameter LicenseID to value 2758435
Set parameter LicenseID to value 2758435
Set parameter LicenseID to value 2758435
Set parameter LicenseID to value 2758435
Set parameter LicenseID to value 2758435
Set parameter LicenseID to value 2758435
Set parameter LicenseID to value 2758435
Set parameter LicenseID to value 2758435
Set parameter LicenseID to value 2758435
Set parameter LicenseID to value 2758435
Set parameter LicenseID to value 2758435
Set parameter LicenseID to value 2758435
Set parameter LicenseID to value 2758435
Set parameter LicenseID to value 2758435
Set parameter LicenseID to value 2758435
Set parameter LicenseID to value 2758435
Set parameter LicenseID to value 2758435
Set parameter LicenseID to value 2758435
Set parameter LicenseID to value 2758435
Set parameter LicenseID to value 2758435
Set parameter LicenseID to value 2758435
Set parameter LicenseID to value 2758435
Set parameter LicenseID to value 2758435
Set parameter LicenseID to value 2758435
Set parameter LicenseID to value 2758435
Set parameter LicenseID to value 2758435
Set parameter LicenseID to value 2758435
Set parameter LicenseID to value 2758435
Set parameter LicenseID to value 2758435
Set parameter LicenseID to value 2758435
Set parameter LicenseID to value 2758435
Set parameter LicenseID to value 2758435
Set parameter LicenseID to value 2758435
Set parameter LicenseID to value 2758435
Set parameter LicenseID to value 2758435
Set parameter LicenseID to value 2758435
Set parameter LicenseID to value 2758435
Set parameter LicenseID to value 2758435
Set parameter LicenseID to value 2758435
Set parameter LicenseID to value 2758435
Set parameter LicenseID to value 2758435
Set parameter LicenseID to value 2758435
Set parameter LicenseID to value 2758435
Set parameter LicenseID to value 2758435
Set parameter LicenseID to value 2758435
Set parameter LicenseID to value 2758435
Set parameter LicenseID to value 2758435
Set parameter LicenseID to value 2758435
Set parameter LicenseID to value 2758435
Set parameter LicenseID to value 2758435
Set parameter LicenseID to value 2758435
Set parameter LicenseID to value 2758435
Set parameter LicenseID to value 2758435
Set parameter LicenseID to value 2758435
Set parameter LicenseID to value 2758435
Set parameter LicenseID to value 2758435
Set parameter LicenseID to value 2758435
Set parameter LicenseID to value 2758435
Set parameter LicenseID to value 2758435
Set parameter LicenseID to value 2758435
Set parameter LicenseID to value 2758435
Set parameter LicenseID to value 2758435
Set parameter LicenseID to value 2758435
Set parameter LicenseID to value 2758435
Set parameter LicenseID to value 2758435
Set parameter LicenseID to value 2758435
Set parameter LicenseID to value 2758435
Set parameter LicenseID to value 2758435
Set parameter LicenseID to value 2758435
Set parameter LicenseID to value 2758435
Set parameter LicenseID to value 2758435
Set parameter LicenseID to value 2758435
Set parameter LicenseID to value 2758435
Set parameter LicenseID to value 2758435
Set parameter LicenseID to value 2758435
Set parameter LicenseID to value 2758435
Set parameter LicenseID to value 2758435
Set parameter LicenseID to value 2758435
Set parameter LicenseID to value 2758435
Set parameter LicenseID to value 2758435
  round 37 ACCEPT: first-bit rank 204985 -> 204985  total_cost=0 changed=6 hots=4 scale=1
Set parameter LicenseID to value 2758435
Set parameter LicenseID to value 2758435
Set parameter LicenseID to value 2758435
Set parameter LicenseID to value 2758435
Set parameter LicenseID to value 2758435
Set parameter LicenseID to value 2758435
Set parameter LicenseID to value 2758435
Set parameter LicenseID to value 2758435
Set parameter LicenseID to value 2758435
Set parameter LicenseID to value 2758435
Set parameter LicenseID to value 2758435
Set parameter LicenseID to value 2758435
Set parameter LicenseID to value 2758435
Set parameter LicenseID to value 2758435
Set parameter LicenseID to value 2758435
Set parameter LicenseID to value 2758435
Set parameter LicenseID to value 2758435
Set parameter LicenseID to value 2758435
Set parameter LicenseID to value 2758435
Set parameter LicenseID to value 2758435
Set parameter LicenseID to value 2758435
Set parameter LicenseID to value 2758435
Set parameter LicenseID to value 2758435
Set parameter LicenseID to value 2758435
Set parameter LicenseID to value 2758435
Set parameter LicenseID to value 2758435
Set parameter LicenseID to value 2758435
Set parameter LicenseID to value 2758435
Set parameter LicenseID to value 2758435
Set parameter LicenseID to value 2758435
  round 42 ACCEPT: first-bit rank 204985 -> 204985  total_cost=0 changed=4 hots=1 scale=1
Set parameter LicenseID to value 2758435
Set parameter LicenseID to value 2758435
Set parameter LicenseID to value 2758435
Set parameter LicenseID to value 2758435
Set parameter LicenseID to value 2758435
Set parameter LicenseID to value 2758435
Set parameter LicenseID to value 2758435
Set parameter LicenseID to value 2758435
Set parameter LicenseID to value 2758435
Set parameter LicenseID to value 2758435
Set parameter LicenseID to value 2758435
Set parameter LicenseID to value 2758435
Set parameter LicenseID to value 2758435
Set parameter LicenseID to value 2758435
Set parameter LicenseID to value 2758435
Set parameter LicenseID to value 2758435
Set parameter LicenseID to value 2758435
Set parameter LicenseID to value 2758435
  round 45 ACCEPT: first-bit rank 204985 -> 204985  total_cost=0 changed=4 hots=1 scale=1
Set parameter LicenseID to value 2758435
Set parameter LicenseID to value 2758435
Set parameter LicenseID to value 2758435
Set parameter LicenseID to value 2758435
Set parameter LicenseID to value 2758435
Set parameter LicenseID to value 2758435
Set parameter LicenseID to value 2758435
Set parameter LicenseID to value 2758435
Set parameter LicenseID to value 2758435
Set parameter LicenseID to value 2758435
Set parameter LicenseID to value 2758435
Set parameter LicenseID to value 2758435
Set parameter LicenseID to value 2758435
Set parameter LicenseID to value 2758435
Set parameter LicenseID to value 2758435
Set parameter LicenseID to value 2758435
Set parameter LicenseID to value 2758435
Set parameter LicenseID to value 2758435
  round 48 ACCEPT: first-bit rank 204985 -> 204985  total_cost=0 changed=4 hots=1 scale=1
Set parameter LicenseID to value 2758435
Set parameter LicenseID to value 2758435
Set parameter LicenseID to value 2758435
Set parameter LicenseID to value 2758435
Set parameter LicenseID to value 2758435
Set parameter LicenseID to value 2758435
Set parameter LicenseID to value 2758435
Set parameter LicenseID to value 2758435
Set parameter LicenseID to value 2758435
Set parameter LicenseID to value 2758435
Set parameter LicenseID to value 2758435
Set parameter LicenseID to value 2758435
Set parameter LicenseID to value 2758435
Set parameter LicenseID to value 2758435
Set parameter LicenseID to value 2758435
Set parameter LicenseID to value 2758435
Set parameter LicenseID to value 2758435
Set parameter LicenseID to value 2758435
Set parameter LicenseID to value 2758435
Set parameter LicenseID to value 2758435
Set parameter LicenseID to value 2758435
Set parameter LicenseID to value 2758435
Set parameter LicenseID to value 2758435
Set parameter LicenseID to value 2758435
Set parameter LicenseID to value 2758435
Set parameter LicenseID to value 2758435
Set parameter LicenseID to value 2758435
Set parameter LicenseID to value 2758435
Set parameter LicenseID to value 2758435
Set parameter LicenseID to value 2758435
Set parameter LicenseID to value 2758435
Set parameter LicenseID to value 2758435
Set parameter LicenseID to value 2758435
Set parameter LicenseID to value 2758435
Set parameter LicenseID to value 2758435
Set parameter LicenseID to value 2758435
Set parameter LicenseID to value 2758435
Set parameter LicenseID to value 2758435
Set parameter LicenseID to value 2758435
Set parameter LicenseID to value 2758435
Set parameter LicenseID to value 2758435
Set parameter LicenseID to value 2758435
Set parameter LicenseID to value 2758435
Set parameter LicenseID to value 2758435
Set parameter LicenseID to value 2758435
Set parameter LicenseID to value 2758435
Set parameter LicenseID to value 2758435
Set parameter LicenseID to value 2758435
Set parameter LicenseID to value 2758435
Set parameter LicenseID to value 2758435
Set parameter LicenseID to value 2758435
Set parameter LicenseID to value 2758435
Set parameter LicenseID to value 2758435
Set parameter LicenseID to value 2758435
Set parameter LicenseID to value 2758435
Set parameter LicenseID to value 2758435
Set parameter LicenseID to value 2758435
Set parameter LicenseID to value 2758435
Set parameter LicenseID to value 2758435
Set parameter LicenseID to value 2758435
Set parameter LicenseID to value 2758435
Set parameter LicenseID to value 2758435
Set parameter LicenseID to value 2758435
Set parameter LicenseID to value 2758435
Set parameter LicenseID to value 2758435
Set parameter LicenseID to value 2758435
Set parameter LicenseID to value 2758435
Set parameter LicenseID to value 2758435
Set parameter LicenseID to value 2758435
Set parameter LicenseID to value 2758435
Set parameter LicenseID to value 2758435
Set parameter LicenseID to value 2758435
Set parameter LicenseID to value 2758435
Set parameter LicenseID to value 2758435
Set parameter LicenseID to value 2758435
Set parameter LicenseID to value 2758435
Set parameter LicenseID to value 2758435
Set parameter LicenseID to value 2758435
Set parameter LicenseID to value 2758435
Set parameter LicenseID to value 2758435
Set parameter LicenseID to value 2758435
Set parameter LicenseID to value 2758435
Set parameter LicenseID to value 2758435
Set parameter LicenseID to value 2758435
Set parameter LicenseID to value 2758435
Set parameter LicenseID to value 2758435
Set parameter LicenseID to value 2758435
Set parameter LicenseID to value 2758435
Set parameter LicenseID to value 2758435
Set parameter LicenseID to value 2758435
Set parameter LicenseID to value 2758435
Set parameter LicenseID to value 2758435
Set parameter LicenseID to value 2758435
Set parameter LicenseID to value 2758435
Set parameter LicenseID to value 2758435
Set parameter LicenseID to value 2758435
Set parameter LicenseID to value 2758435
Set parameter LicenseID to value 2758435
Set parameter LicenseID to value 2758435
Set parameter LicenseID to value 2758435
Set parameter LicenseID to value 2758435
Set parameter LicenseID to value 2758435
Set parameter LicenseID to value 2758435
Set parameter LicenseID to value 2758435
Set parameter LicenseID to value 2758435
Set parameter LicenseID to value 2758435
Set parameter LicenseID to value 2758435
Set parameter LicenseID to value 2758435
Set parameter LicenseID to value 2758435
Set parameter LicenseID to value 2758435
Set parameter LicenseID to value 2758435
Set parameter LicenseID to value 2758435
Set parameter LicenseID to value 2758435
Set parameter LicenseID to value 2758435
Set parameter LicenseID to value 2758435
Set parameter LicenseID to value 2758435
Set parameter LicenseID to value 2758435
Set parameter LicenseID to value 2758435
Set parameter LicenseID to value 2758435
Set parameter LicenseID to value 2758435
Set parameter LicenseID to value 2758435
Set parameter LicenseID to value 2758435
Set parameter LicenseID to value 2758435
Set parameter LicenseID to value 2758435
Set parameter LicenseID to value 2758435
Set parameter LicenseID to value 2758435
Set parameter LicenseID to value 2758435
Set parameter LicenseID to value 2758435
Set parameter LicenseID to value 2758435
Set parameter LicenseID to value 2758435
Set parameter LicenseID to value 2758435
Set parameter LicenseID to value 2758435
Set parameter LicenseID to value 2758435
Set parameter LicenseID to value 2758435
Set parameter LicenseID to value 2758435
Set parameter LicenseID to value 2758435
Set parameter LicenseID to value 2758435
Set parameter LicenseID to value 2758435
Set parameter LicenseID to value 2758435
Set parameter LicenseID to value 2758435
Set parameter LicenseID to value 2758435
Set parameter LicenseID to value 2758435
Set parameter LicenseID to value 2758435
Set parameter LicenseID to value 2758435
Set parameter LicenseID to value 2758435
Set parameter LicenseID to value 2758435
Set parameter LicenseID to value 2758435
Set parameter LicenseID to value 2758435
Set parameter LicenseID to value 2758435
Set parameter LicenseID to value 2758435
Set parameter LicenseID to value 2758435
Set parameter LicenseID to value 2758435
Set parameter LicenseID to value 2758435
Set parameter LicenseID to value 2758435
Set parameter LicenseID to value 2758435
Set parameter LicenseID to value 2758435
Set parameter LicenseID to value 2758435
Set parameter LicenseID to value 2758435
Set parameter LicenseID to value 2758435
Set parameter LicenseID to value 2758435
Set parameter LicenseID to value 2758435
Set parameter LicenseID to value 2758435
Set parameter LicenseID to value 2758435
Set parameter LicenseID to value 2758435
Set parameter LicenseID to value 2758435
Set parameter LicenseID to value 2758435
Set parameter LicenseID to value 2758435
Set parameter LicenseID to value 2758435
Set parameter LicenseID to value 2758435
Set parameter LicenseID to value 2758435
Set parameter LicenseID to value 2758435
Set parameter LicenseID to value 2758435
Set parameter LicenseID to value 2758435
Set parameter LicenseID to value 2758435
Set parameter LicenseID to value 2758435
Set parameter LicenseID to value 2758435
Set parameter LicenseID to value 2758435
Set parameter LicenseID to value 2758435
Set parameter LicenseID to value 2758435
Set parameter LicenseID to value 2758435
Set parameter LicenseID to value 2758435
Set parameter LicenseID to value 2758435
Set parameter LicenseID to value 2758435
Set parameter LicenseID to value 2758435
Set parameter LicenseID to value 2758435
Set parameter LicenseID to value 2758435
Set parameter LicenseID to value 2758435
Set parameter LicenseID to value 2758435
Set parameter LicenseID to value 2758435
Set parameter LicenseID to value 2758435
Set parameter LicenseID to value 2758435
Set parameter LicenseID to value 2758435
Set parameter LicenseID to value 2758435
Set parameter LicenseID to value 2758435
Set parameter LicenseID to value 2758435
Set parameter LicenseID to value 2758435
Set parameter LicenseID to value 2758435
Set parameter LicenseID to value 2758435
Set parameter LicenseID to value 2758435
Set parameter LicenseID to value 2758435
Set parameter LicenseID to value 2758435
Set parameter LicenseID to value 2758435
Set parameter LicenseID to value 2758435
Set parameter LicenseID to value 2758435
Set parameter LicenseID to value 2758435
Set parameter LicenseID to value 2758435
Set parameter LicenseID to value 2758435
Set parameter LicenseID to value 2758435
Set parameter LicenseID to value 2758435
Set parameter LicenseID to value 2758435
Set parameter LicenseID to value 2758435
Set parameter LicenseID to value 2758435
Set parameter LicenseID to value 2758435
Set parameter LicenseID to value 2758435
Set parameter LicenseID to value 2758435
Set parameter LicenseID to value 2758435
Set parameter LicenseID to value 2758435
Set parameter LicenseID to value 2758435
Set parameter LicenseID to value 2758435
Set parameter LicenseID to value 2758435
Set parameter LicenseID to value 2758435
Set parameter LicenseID to value 2758435
Set parameter LicenseID to value 2758435
Set parameter LicenseID to value 2758435
Set parameter LicenseID to value 2758435
Set parameter LicenseID to value 2758435
Set parameter LicenseID to value 2758435
Set parameter LicenseID to value 2758435
Set parameter LicenseID to value 2758435
Set parameter LicenseID to value 2758435
Set parameter LicenseID to value 2758435
Set parameter LicenseID to value 2758435
Set parameter LicenseID to value 2758435
Set parameter LicenseID to value 2758435
Set parameter LicenseID to value 2758435
Set parameter LicenseID to value 2758435
Set parameter LicenseID to value 2758435
Set parameter LicenseID to value 2758435
Set parameter LicenseID to value 2758435
Set parameter LicenseID to value 2758435
Set parameter LicenseID to value 2758435
Set parameter LicenseID to value 2758435
Set parameter LicenseID to value 2758435
Set parameter LicenseID to value 2758435
Set parameter LicenseID to value 2758435
Set parameter LicenseID to value 2758435
Set parameter LicenseID to value 2758435
Set parameter LicenseID to value 2758435
Set parameter LicenseID to value 2758435
Set parameter LicenseID to value 2758435
Set parameter LicenseID to value 2758435
Set parameter LicenseID to value 2758435
Set parameter LicenseID to value 2758435
Set parameter LicenseID to value 2758435
Set parameter LicenseID to value 2758435
Set parameter LicenseID to value 2758435
Set parameter LicenseID to value 2758435
Set parameter LicenseID to value 2758435
Set parameter LicenseID to value 2758435
Set parameter LicenseID to value 2758435
Set parameter LicenseID to value 2758435
Set parameter LicenseID to value 2758435
Set parameter LicenseID to value 2758435
Set parameter LicenseID to value 2758435
Set parameter LicenseID to value 2758435
Set parameter LicenseID to value 2758435
Set parameter LicenseID to value 2758435
Set parameter LicenseID to value 2758435
Set parameter LicenseID to value 2758435
Set parameter LicenseID to value 2758435
Set parameter LicenseID to value 2758435
Set parameter LicenseID to value 2758435
Set parameter LicenseID to value 2758435
Set parameter LicenseID to value 2758435
Set parameter LicenseID to value 2758435
Set parameter LicenseID to value 2758435
Set parameter LicenseID to value 2758435
Set parameter LicenseID to value 2758435
Set parameter LicenseID to value 2758435
Set parameter LicenseID to value 2758435
Set parameter LicenseID to value 2758435
Set parameter LicenseID to value 2758435
Set parameter LicenseID to value 2758435
Set parameter LicenseID to value 2758435
Set parameter LicenseID to value 2758435
Set parameter LicenseID to value 2758435
Set parameter LicenseID to value 2758435
Set parameter LicenseID to value 2758435
Set parameter LicenseID to value 2758435
Set parameter LicenseID to value 2758435
Set parameter LicenseID to value 2758435
Set parameter LicenseID to value 2758435
Set parameter LicenseID to value 2758435
Set parameter LicenseID to value 2758435
Set parameter LicenseID to value 2758435
Set parameter LicenseID to value 2758435
Set parameter LicenseID to value 2758435
Set parameter LicenseID to value 2758435
Set parameter LicenseID to value 2758435
Set parameter LicenseID to value 2758435
Set parameter LicenseID to value 2758435
Set parameter LicenseID to value 2758435
Set parameter LicenseID to value 2758435
Set parameter LicenseID to value 2758435
Set parameter LicenseID to value 2758435
Set parameter LicenseID to value 2758435
  round 101 ACCEPT: first-bit rank 204985 -> 204985  total_cost=0 changed=2 hots=4 scale=1
Set parameter LicenseID to value 2758435
Set parameter LicenseID to value 2758435
Set parameter LicenseID to value 2758435
Set parameter LicenseID to value 2758435
Set parameter LicenseID to value 2758435
Set parameter LicenseID to value 2758435
Set parameter LicenseID to value 2758435
Set parameter LicenseID to value 2758435
Set parameter LicenseID to value 2758435
Set parameter LicenseID to value 2758435
Set parameter LicenseID to value 2758435
Set parameter LicenseID to value 2758435
Set parameter LicenseID to value 2758435
Set parameter LicenseID to value 2758435
Set parameter LicenseID to value 2758435
Set parameter LicenseID to value 2758435
Set parameter LicenseID to value 2758435
Set parameter LicenseID to value 2758435
Set parameter LicenseID to value 2758435
Set parameter LicenseID to value 2758435
Set parameter LicenseID to value 2758435
Set parameter LicenseID to value 2758435
Set parameter LicenseID to value 2758435
Set parameter LicenseID to value 2758435
Set parameter LicenseID to value 2758435
Set parameter LicenseID to value 2758435
Set parameter LicenseID to value 2758435
Set parameter LicenseID to value 2758435
Set parameter LicenseID to value 2758435
Set parameter LicenseID to value 2758435
Set parameter LicenseID to value 2758435
Set parameter LicenseID to value 2758435
Set parameter LicenseID to value 2758435
Set parameter LicenseID to value 2758435
Set parameter LicenseID to value 2758435
Set parameter LicenseID to value 2758435
Set parameter LicenseID to value 2758435
Set parameter LicenseID to value 2758435
Set parameter LicenseID to value 2758435
Set parameter LicenseID to value 2758435
Set parameter LicenseID to value 2758435
Set parameter LicenseID to value 2758435
Set parameter LicenseID to value 2758435
Set parameter LicenseID to value 2758435
Set parameter LicenseID to value 2758435
Set parameter LicenseID to value 2758435
Set parameter LicenseID to value 2758435
Set parameter LicenseID to value 2758435
Set parameter LicenseID to value 2758435
Set parameter LicenseID to value 2758435
Set parameter LicenseID to value 2758435
Set parameter LicenseID to value 2758435
Set parameter LicenseID to value 2758435
Set parameter LicenseID to value 2758435
Set parameter LicenseID to value 2758435
Set parameter LicenseID to value 2758435
Set parameter LicenseID to value 2758435
Set parameter LicenseID to value 2758435
Set parameter LicenseID to value 2758435
Set parameter LicenseID to value 2758435
Set parameter LicenseID to value 2758435
Set parameter LicenseID to value 2758435
Set parameter LicenseID to value 2758435
Set parameter LicenseID to value 2758435
Set parameter LicenseID to value 2758435
Set parameter LicenseID to value 2758435
Set parameter LicenseID to value 2758435
Set parameter LicenseID to value 2758435
Set parameter LicenseID to value 2758435
Set parameter LicenseID to value 2758435
Set parameter LicenseID to value 2758435
Set parameter LicenseID to value 2758435
Set parameter LicenseID to value 2758435
Set parameter LicenseID to value 2758435
Set parameter LicenseID to value 2758435
Set parameter LicenseID to value 2758435
Set parameter LicenseID to value 2758435
Set parameter LicenseID to value 2758435
Set parameter LicenseID to value 2758435
Set parameter LicenseID to value 2758435
Set parameter LicenseID to value 2758435
Set parameter LicenseID to value 2758435
Set parameter LicenseID to value 2758435
Set parameter LicenseID to value 2758435
Set parameter LicenseID to value 2758435
Set parameter LicenseID to value 2758435
Set parameter LicenseID to value 2758435
Set parameter LicenseID to value 2758435
Set parameter LicenseID to value 2758435
Set parameter LicenseID to value 2758435
Set parameter LicenseID to value 2758435
Set parameter LicenseID to value 2758435
Set parameter LicenseID to value 2758435
Set parameter LicenseID to value 2758435
Set parameter LicenseID to value 2758435
Set parameter LicenseID to value 2758435
Set parameter LicenseID to value 2758435
Set parameter LicenseID to value 2758435
Set parameter LicenseID to value 2758435
Set parameter LicenseID to value 2758435
Set parameter LicenseID to value 2758435
Set parameter LicenseID to value 2758435
Set parameter LicenseID to value 2758435
Set parameter LicenseID to value 2758435
Set parameter LicenseID to value 2758435
Set parameter LicenseID to value 2758435
Set parameter LicenseID to value 2758435
Set parameter LicenseID to value 2758435
Set parameter LicenseID to value 2758435
Set parameter LicenseID to value 2758435
Set parameter LicenseID to value 2758435
Set parameter LicenseID to value 2758435
Set parameter LicenseID to value 2758435
Set parameter LicenseID to value 2758435
Set parameter LicenseID to value 2758435
Set parameter LicenseID to value 2758435
Set parameter LicenseID to value 2758435
Set parameter LicenseID to value 2758435
Set parameter LicenseID to value 2758435
Set parameter LicenseID to value 2758435
Set parameter LicenseID to value 2758435
Set parameter LicenseID to value 2758435
Set parameter LicenseID to value 2758435
Set parameter LicenseID to value 2758435
Set parameter LicenseID to value 2758435
Set parameter LicenseID to value 2758435
Set parameter LicenseID to value 2758435
Set parameter LicenseID to value 2758435
Set parameter LicenseID to value 2758435
Set parameter LicenseID to value 2758435
Set parameter LicenseID to value 2758435
Set parameter LicenseID to value 2758435
Set parameter LicenseID to value 2758435
Set parameter LicenseID to value 2758435
Set parameter LicenseID to value 2758435
Set parameter LicenseID to value 2758435
Set parameter LicenseID to value 2758435
Set parameter LicenseID to value 2758435
Set parameter LicenseID to value 2758435
Set parameter LicenseID to value 2758435
Set parameter LicenseID to value 2758435
Set parameter LicenseID to value 2758435
Set parameter LicenseID to value 2758435
Set parameter LicenseID to value 2758435
Set parameter LicenseID to value 2758435
Set parameter LicenseID to value 2758435
Set parameter LicenseID to value 2758435
Set parameter LicenseID to value 2758435
Set parameter LicenseID to value 2758435
Set parameter LicenseID to value 2758435
  round 126 ACCEPT: first-bit rank 204985 -> 204985  total_cost=0 changed=2 hots=4 scale=1
Set parameter LicenseID to value 2758435
Set parameter LicenseID to value 2758435
Set parameter LicenseID to value 2758435
Set parameter LicenseID to value 2758435
Set parameter LicenseID to value 2758435
Set parameter LicenseID to value 2758435
Set parameter LicenseID to value 2758435
Set parameter LicenseID to value 2758435
Set parameter LicenseID to value 2758435
Set parameter LicenseID to value 2758435
Set parameter LicenseID to value 2758435
Set parameter LicenseID to value 2758435
Set parameter LicenseID to value 2758435
Set parameter LicenseID to value 2758435
Set parameter LicenseID to value 2758435
Set parameter LicenseID to value 2758435
Set parameter LicenseID to value 2758435
Set parameter LicenseID to value 2758435
Set parameter LicenseID to value 2758435
Set parameter LicenseID to value 2758435
Set parameter LicenseID to value 2758435
Set parameter LicenseID to value 2758435
Set parameter LicenseID to value 2758435
Set parameter LicenseID to value 2758435
Set parameter LicenseID to value 2758435
Set parameter LicenseID to value 2758435
Set parameter LicenseID to value 2758435
Set parameter LicenseID to value 2758435
Set parameter LicenseID to value 2758435
Set parameter LicenseID to value 2758435
Set parameter LicenseID to value 2758435
Set parameter LicenseID to value 2758435
Set parameter LicenseID to value 2758435
Set parameter LicenseID to value 2758435
Set parameter LicenseID to value 2758435
Set parameter LicenseID to value 2758435
Set parameter LicenseID to value 2758435
Set parameter LicenseID to value 2758435
Set parameter LicenseID to value 2758435
Set parameter LicenseID to value 2758435
Set parameter LicenseID to value 2758435
Set parameter LicenseID to value 2758435
Set parameter LicenseID to value 2758435
Set parameter LicenseID to value 2758435
Set parameter LicenseID to value 2758435
Set parameter LicenseID to value 2758435
Set parameter LicenseID to value 2758435
Set parameter LicenseID to value 2758435
Set parameter LicenseID to value 2758435
Set parameter LicenseID to value 2758435
Set parameter LicenseID to value 2758435
Set parameter LicenseID to value 2758435
Set parameter LicenseID to value 2758435
Set parameter LicenseID to value 2758435
Set parameter LicenseID to value 2758435
Set parameter LicenseID to value 2758435
Set parameter LicenseID to value 2758435
Set parameter LicenseID to value 2758435
Set parameter LicenseID to value 2758435
Set parameter LicenseID to value 2758435
Set parameter LicenseID to value 2758435
Set parameter LicenseID to value 2758435
Set parameter LicenseID to value 2758435
Set parameter LicenseID to value 2758435
Set parameter LicenseID to value 2758435
Set parameter LicenseID to value 2758435
Set parameter LicenseID to value 2758435
Set parameter LicenseID to value 2758435
Set parameter LicenseID to value 2758435
Set parameter LicenseID to value 2758435
Set parameter LicenseID to value 2758435
Set parameter LicenseID to value 2758435
Set parameter LicenseID to value 2758435
Set parameter LicenseID to value 2758435
Set parameter LicenseID to value 2758435
Set parameter LicenseID to value 2758435
Set parameter LicenseID to value 2758435
Set parameter LicenseID to value 2758435
Set parameter LicenseID to value 2758435
Set parameter LicenseID to value 2758435
Set parameter LicenseID to value 2758435
Set parameter LicenseID to value 2758435
Set parameter LicenseID to value 2758435
Set parameter LicenseID to value 2758435
Set parameter LicenseID to value 2758435
Set parameter LicenseID to value 2758435
Set parameter LicenseID to value 2758435
Set parameter LicenseID to value 2758435
Set parameter LicenseID to value 2758435
Set parameter LicenseID to value 2758435
Set parameter LicenseID to value 2758435
Set parameter LicenseID to value 2758435
Set parameter LicenseID to value 2758435
Set parameter LicenseID to value 2758435
Set parameter LicenseID to value 2758435
Set parameter LicenseID to value 2758435
Set parameter LicenseID to value 2758435
Set parameter LicenseID to value 2758435
Set parameter LicenseID to value 2758435
Set parameter LicenseID to value 2758435
Set parameter LicenseID to value 2758435
Set parameter LicenseID to value 2758435
Set parameter LicenseID to value 2758435
Set parameter LicenseID to value 2758435
Set parameter LicenseID to value 2758435
Set parameter LicenseID to value 2758435
Set parameter LicenseID to value 2758435
Set parameter LicenseID to value 2758435
Set parameter LicenseID to value 2758435
Set parameter LicenseID to value 2758435
Set parameter LicenseID to value 2758435
Set parameter LicenseID to value 2758435
Set parameter LicenseID to value 2758435
Set parameter LicenseID to value 2758435
Set parameter LicenseID to value 2758435
Set parameter LicenseID to value 2758435
Set parameter LicenseID to value 2758435
Set parameter LicenseID to value 2758435
Set parameter LicenseID to value 2758435
Set parameter LicenseID to value 2758435
Set parameter LicenseID to value 2758435
Set parameter LicenseID to value 2758435
Set parameter LicenseID to value 2758435
Set parameter LicenseID to value 2758435
Set parameter LicenseID to value 2758435
Set parameter LicenseID to value 2758435
Set parameter LicenseID to value 2758435
Set parameter LicenseID to value 2758435
Set parameter LicenseID to value 2758435
Set parameter LicenseID to value 2758435
Set parameter LicenseID to value 2758435
Set parameter LicenseID to value 2758435
Set parameter LicenseID to value 2758435
Set parameter LicenseID to value 2758435
Set parameter LicenseID to value 2758435
Set parameter LicenseID to value 2758435
Set parameter LicenseID to value 2758435
Set parameter LicenseID to value 2758435
Set parameter LicenseID to value 2758435
Set parameter LicenseID to value 2758435
Set parameter LicenseID to value 2758435
Set parameter LicenseID to value 2758435
Set parameter LicenseID to value 2758435
Set parameter LicenseID to value 2758435
Set parameter LicenseID to value 2758435
Set parameter LicenseID to value 2758435
Set parameter LicenseID to value 2758435
Set parameter LicenseID to value 2758435
Set parameter LicenseID to value 2758435
Set parameter LicenseID to value 2758435
Set parameter LicenseID to value 2758435
Set parameter LicenseID to value 2758435
Set parameter LicenseID to value 2758435
Set parameter LicenseID to value 2758435
Set parameter LicenseID to value 2758435
Set parameter LicenseID to value 2758435
Set parameter LicenseID to value 2758435
Set parameter LicenseID to value 2758435
Set parameter LicenseID to value 2758435
Set parameter LicenseID to value 2758435
Set parameter LicenseID to value 2758435
Set parameter LicenseID to value 2758435
Set parameter LicenseID to value 2758435
Set parameter LicenseID to value 2758435
Set parameter LicenseID to value 2758435
Set parameter LicenseID to value 2758435
Set parameter LicenseID to value 2758435
Set parameter LicenseID to value 2758435
Set parameter LicenseID to value 2758435
Set parameter LicenseID to value 2758435
Set parameter LicenseID to value 2758435
Set parameter LicenseID to value 2758435
Set parameter LicenseID to value 2758435
Set parameter LicenseID to value 2758435
Set parameter LicenseID to value 2758435
Set parameter LicenseID to value 2758435
Set parameter LicenseID to value 2758435
Set parameter LicenseID to value 2758435
Set parameter LicenseID to value 2758435
Set parameter LicenseID to value 2758435
Set parameter LicenseID to value 2758435
Set parameter LicenseID to value 2758435
Set parameter LicenseID to value 2758435
Set parameter LicenseID to value 2758435
Set parameter LicenseID to value 2758435
Set parameter LicenseID to value 2758435
  round 157 ACCEPT: first-bit rank 204985 -> 204985  total_cost=0 changed=2 hots=2 scale=1
Set parameter LicenseID to value 2758435
Set parameter LicenseID to value 2758435
Set parameter LicenseID to value 2758435
Set parameter LicenseID to value 2758435
Set parameter LicenseID to value 2758435
Set parameter LicenseID to value 2758435
Set parameter LicenseID to value 2758435
Set parameter LicenseID to value 2758435
Set parameter LicenseID to value 2758435
Set parameter LicenseID to value 2758435
Set parameter LicenseID to value 2758435
Set parameter LicenseID to value 2758435
Set parameter LicenseID to value 2758435
Set parameter LicenseID to value 2758435
Set parameter LicenseID to value 2758435
Set parameter LicenseID to value 2758435
Set parameter LicenseID to value 2758435
Set parameter LicenseID to value 2758435
Set parameter LicenseID to value 2758435
Set parameter LicenseID to value 2758435
Set parameter LicenseID to value 2758435
Set parameter LicenseID to value 2758435
Set parameter LicenseID to value 2758435
Set parameter LicenseID to value 2758435
Set parameter LicenseID to value 2758435
Set parameter LicenseID to value 2758435
Set parameter LicenseID to value 2758435
Set parameter LicenseID to value 2758435
Set parameter LicenseID to value 2758435
Set parameter LicenseID to value 2758435
  round 162 ACCEPT: first-bit rank 204985 -> 204985  total_cost=0 changed=2 hots=2 scale=1
Set parameter LicenseID to value 2758435
Set parameter LicenseID to value 2758435
Set parameter LicenseID to value 2758435
Set parameter LicenseID to value 2758435
Set parameter LicenseID to value 2758435
Set parameter LicenseID to value 2758435
Set parameter LicenseID to value 2758435
Set parameter LicenseID to value 2758435
Set parameter LicenseID to value 2758435
Set parameter LicenseID to value 2758435
Set parameter LicenseID to value 2758435
Set parameter LicenseID to value 2758435
Set parameter LicenseID to value 2758435
Set parameter LicenseID to value 2758435
Set parameter LicenseID to value 2758435
Set parameter LicenseID to value 2758435
Set parameter LicenseID to value 2758435
Set parameter LicenseID to value 2758435
Set parameter LicenseID to value 2758435
Set parameter LicenseID to value 2758435
Set parameter LicenseID to value 2758435
Set parameter LicenseID to value 2758435
Set parameter LicenseID to value 2758435
Set parameter LicenseID to value 2758435
Set parameter LicenseID to value 2758435
Set parameter LicenseID to value 2758435
Set parameter LicenseID to value 2758435
Set parameter LicenseID to value 2758435
Set parameter LicenseID to value 2758435
Set parameter LicenseID to value 2758435
Set parameter LicenseID to value 2758435
Set parameter LicenseID to value 2758435
Set parameter LicenseID to value 2758435
Set parameter LicenseID to value 2758435
Set parameter LicenseID to value 2758435
Set parameter LicenseID to value 2758435
Set parameter LicenseID to value 2758435
Set parameter LicenseID to value 2758435
Set parameter LicenseID to value 2758435
Set parameter LicenseID to value 2758435
Set parameter LicenseID to value 2758435
Set parameter LicenseID to value 2758435
Set parameter LicenseID to value 2758435
Set parameter LicenseID to value 2758435
Set parameter LicenseID to value 2758435
Set parameter LicenseID to value 2758435
Set parameter LicenseID to value 2758435
Set parameter LicenseID to value 2758435
Set parameter LicenseID to value 2758435
Set parameter LicenseID to value 2758435
Set parameter LicenseID to value 2758435
Set parameter LicenseID to value 2758435
Set parameter LicenseID to value 2758435
Set parameter LicenseID to value 2758435
Set parameter LicenseID to value 2758435
Set parameter LicenseID to value 2758435
Set parameter LicenseID to value 2758435
Set parameter LicenseID to value 2758435
Set parameter LicenseID to value 2758435
Set parameter LicenseID to value 2758435
Set parameter LicenseID to value 2758435
Set parameter LicenseID to value 2758435
Set parameter LicenseID to value 2758435
Set parameter LicenseID to value 2758435
Set parameter LicenseID to value 2758435
Set parameter LicenseID to value 2758435
Set parameter LicenseID to value 2758435
Set parameter LicenseID to value 2758435
Set parameter LicenseID to value 2758435
Set parameter LicenseID to value 2758435
Set parameter LicenseID to value 2758435
Set parameter LicenseID to value 2758435
Set parameter LicenseID to value 2758435
Set parameter LicenseID to value 2758435
Set parameter LicenseID to value 2758435
Set parameter LicenseID to value 2758435
Set parameter LicenseID to value 2758435
Set parameter LicenseID to value 2758435
Set parameter LicenseID to value 2758435
Set parameter LicenseID to value 2758435
Set parameter LicenseID to value 2758435
Set parameter LicenseID to value 2758435
Set parameter LicenseID to value 2758435
Set parameter LicenseID to value 2758435
Set parameter LicenseID to value 2758435
Set parameter LicenseID to value 2758435
Set parameter LicenseID to value 2758435
Set parameter LicenseID to value 2758435
Set parameter LicenseID to value 2758435
Set parameter LicenseID to value 2758435
Set parameter LicenseID to value 2758435
Set parameter LicenseID to value 2758435
Set parameter LicenseID to value 2758435
Set parameter LicenseID to value 2758435
Set parameter LicenseID to value 2758435
Set parameter LicenseID to value 2758435
Set parameter LicenseID to value 2758435
Set parameter LicenseID to value 2758435
Set parameter LicenseID to value 2758435
Set parameter LicenseID to value 2758435
Set parameter LicenseID to value 2758435
Set parameter LicenseID to value 2758435
Set parameter LicenseID to value 2758435
Set parameter LicenseID to value 2758435
Set parameter LicenseID to value 2758435
Set parameter LicenseID to value 2758435
Set parameter LicenseID to value 2758435
Set parameter LicenseID to value 2758435
Set parameter LicenseID to value 2758435
Set parameter LicenseID to value 2758435
Set parameter LicenseID to value 2758435
Set parameter LicenseID to value 2758435
Set parameter LicenseID to value 2758435
Set parameter LicenseID to value 2758435
Set parameter LicenseID to value 2758435
Set parameter LicenseID to value 2758435
Set parameter LicenseID to value 2758435
Set parameter LicenseID to value 2758435
Set parameter LicenseID to value 2758435
Set parameter LicenseID to value 2758435
Set parameter LicenseID to value 2758435
Set parameter LicenseID to value 2758435
Set parameter LicenseID to value 2758435
Set parameter LicenseID to value 2758435
Set parameter LicenseID to value 2758435
Set parameter LicenseID to value 2758435
Set parameter LicenseID to value 2758435
Set parameter LicenseID to value 2758435
Set parameter LicenseID to value 2758435
Set parameter LicenseID to value 2758435
Set parameter LicenseID to value 2758435
Set parameter LicenseID to value 2758435
Set parameter LicenseID to value 2758435
Set parameter LicenseID to value 2758435
Set parameter LicenseID to value 2758435
Set parameter LicenseID to value 2758435
Set parameter LicenseID to value 2758435
Set parameter LicenseID to value 2758435
  round 185 ACCEPT: first-bit rank 204985 -> 204985  total_cost=0 changed=2 hots=1 scale=1
Set parameter LicenseID to value 2758435
Set parameter LicenseID to value 2758435
Set parameter LicenseID to value 2758435
Set parameter LicenseID to value 2758435
Set parameter LicenseID to value 2758435
Set parameter LicenseID to value 2758435
Set parameter LicenseID to value 2758435
Set parameter LicenseID to value 2758435
Set parameter LicenseID to value 2758435
Set parameter LicenseID to value 2758435
Set parameter LicenseID to value 2758435
Set parameter LicenseID to value 2758435
Set parameter LicenseID to value 2758435
Set parameter LicenseID to value 2758435
Set parameter LicenseID to value 2758435
Set parameter LicenseID to value 2758435
Set parameter LicenseID to value 2758435
Set parameter LicenseID to value 2758435
Set parameter LicenseID to value 2758435
Set parameter LicenseID to value 2758435
Set parameter LicenseID to value 2758435
Set parameter LicenseID to value 2758435
Set parameter LicenseID to value 2758435
Set parameter LicenseID to value 2758435
Set parameter LicenseID to value 2758435
Set parameter LicenseID to value 2758435
Set parameter LicenseID to value 2758435
Set parameter LicenseID to value 2758435
Set parameter LicenseID to value 2758435
Set parameter LicenseID to value 2758435
Set parameter LicenseID to value 2758435
Set parameter LicenseID to value 2758435
Set parameter LicenseID to value 2758435
Set parameter LicenseID to value 2758435
Set parameter LicenseID to value 2758435
Set parameter LicenseID to value 2758435
Set parameter LicenseID to value 2758435
Set parameter LicenseID to value 2758435
Set parameter LicenseID to value 2758435
Set parameter LicenseID to value 2758435
Set parameter LicenseID to value 2758435
Set parameter LicenseID to value 2758435
Set parameter LicenseID to value 2758435
Set parameter LicenseID to value 2758435
Set parameter LicenseID to value 2758435
Set parameter LicenseID to value 2758435
Set parameter LicenseID to value 2758435
Set parameter LicenseID to value 2758435
Set parameter LicenseID to value 2758435
Set parameter LicenseID to value 2758435
Set parameter LicenseID to value 2758435
Set parameter LicenseID to value 2758435
Set parameter LicenseID to value 2758435
Set parameter LicenseID to value 2758435
Set parameter LicenseID to value 2758435
Set parameter LicenseID to value 2758435
Set parameter LicenseID to value 2758435
Set parameter LicenseID to value 2758435
Set parameter LicenseID to value 2758435
Set parameter LicenseID to value 2758435
Set parameter LicenseID to value 2758435
Set parameter LicenseID to value 2758435
Set parameter LicenseID to value 2758435
Set parameter LicenseID to value 2758435
Set parameter LicenseID to value 2758435
Set parameter LicenseID to value 2758435
Set parameter LicenseID to value 2758435
Set parameter LicenseID to value 2758435
Set parameter LicenseID to value 2758435
Set parameter LicenseID to value 2758435
Set parameter LicenseID to value 2758435
Set parameter LicenseID to value 2758435
Set parameter LicenseID to value 2758435
Set parameter LicenseID to value 2758435
Set parameter LicenseID to value 2758435
Set parameter LicenseID to value 2758435
Set parameter LicenseID to value 2758435
Set parameter LicenseID to value 2758435
Set parameter LicenseID to value 2758435
Set parameter LicenseID to value 2758435
Set parameter LicenseID to value 2758435
Set parameter LicenseID to value 2758435
Set parameter LicenseID to value 2758435
Set parameter LicenseID to value 2758435
Set parameter LicenseID to value 2758435
Set parameter LicenseID to value 2758435
Set parameter LicenseID to value 2758435
Set parameter LicenseID to value 2758435
Set parameter LicenseID to value 2758435
Set parameter LicenseID to value 2758435
Set parameter LicenseID to value 2758435
Set parameter LicenseID to value 2758435
Set parameter LicenseID to value 2758435
Set parameter LicenseID to value 2758435
Set parameter LicenseID to value 2758435
Set parameter LicenseID to value 2758435
Set parameter LicenseID to value 2758435
Set parameter LicenseID to value 2758435
Set parameter LicenseID to value 2758435
Set parameter LicenseID to value 2758435
Set parameter LicenseID to value 2758435
Set parameter LicenseID to value 2758435
Set parameter LicenseID to value 2758435
Set parameter LicenseID to value 2758435
Set parameter LicenseID to value 2758435
Set parameter LicenseID to value 2758435
Set parameter LicenseID to value 2758435
Set parameter LicenseID to value 2758435
Set parameter LicenseID to value 2758435
Set parameter LicenseID to value 2758435
Set parameter LicenseID to value 2758435
Set parameter LicenseID to value 2758435
Set parameter LicenseID to value 2758435
Set parameter LicenseID to value 2758435
Set parameter LicenseID to value 2758435
Set parameter LicenseID to value 2758435
Set parameter LicenseID to value 2758435
Set parameter LicenseID to value 2758435
Set parameter LicenseID to value 2758435
Set parameter LicenseID to value 2758435
Set parameter LicenseID to value 2758435
Set parameter LicenseID to value 2758435
Set parameter LicenseID to value 2758435
Set parameter LicenseID to value 2758435
Set parameter LicenseID to value 2758435
Set parameter LicenseID to value 2758435
Set parameter LicenseID to value 2758435
Set parameter LicenseID to value 2758435
Set parameter LicenseID to value 2758435
Set parameter LicenseID to value 2758435
Set parameter LicenseID to value 2758435
Set parameter LicenseID to value 2758435
Set parameter LicenseID to value 2758435
Set parameter LicenseID to value 2758435
Set parameter LicenseID to value 2758435
Set parameter LicenseID to value 2758435
Set parameter LicenseID to value 2758435
Set parameter LicenseID to value 2758435
Set parameter LicenseID to value 2758435
Set parameter LicenseID to value 2758435
Set parameter LicenseID to value 2758435
Set parameter LicenseID to value 2758435
Set parameter LicenseID to value 2758435
Set parameter LicenseID to value 2758435
Set parameter LicenseID to value 2758435
Set parameter LicenseID to value 2758435
Set parameter LicenseID to value 2758435
Set parameter LicenseID to value 2758435
Set parameter LicenseID to value 2758435
Set parameter LicenseID to value 2758435
Set parameter LicenseID to value 2758435
Set parameter LicenseID to value 2758435
Set parameter LicenseID to value 2758435
Set parameter LicenseID to value 2758435
Set parameter LicenseID to value 2758435
Set parameter LicenseID to value 2758435
Set parameter LicenseID to value 2758435
Set parameter LicenseID to value 2758435
Set parameter LicenseID to value 2758435
Set parameter LicenseID to value 2758435
Set parameter LicenseID to value 2758435
Set parameter LicenseID to value 2758435
Set parameter LicenseID to value 2758435
Set parameter LicenseID to value 2758435
Set parameter LicenseID to value 2758435
Set parameter LicenseID to value 2758435
Set parameter LicenseID to value 2758435
Set parameter LicenseID to value 2758435
Set parameter LicenseID to value 2758435
Set parameter LicenseID to value 2758435
Set parameter LicenseID to value 2758435
Set parameter LicenseID to value 2758435
Set parameter LicenseID to value 2758435
Set parameter LicenseID to value 2758435
Set parameter LicenseID to value 2758435
Set parameter LicenseID to value 2758435
Set parameter LicenseID to value 2758435
Set parameter LicenseID to value 2758435
Set parameter LicenseID to value 2758435
Set parameter LicenseID to value 2758435
Set parameter LicenseID to value 2758435
Set parameter LicenseID to value 2758435
Set parameter LicenseID to value 2758435
Set parameter LicenseID to value 2758435
Set parameter LicenseID to value 2758435
Set parameter LicenseID to value 2758435
Set parameter LicenseID to value 2758435
Set parameter LicenseID to value 2758435
Set parameter LicenseID to value 2758435
Set parameter LicenseID to value 2758435
Set parameter LicenseID to value 2758435
Set parameter LicenseID to value 2758435
Set parameter LicenseID to value 2758435
Set parameter LicenseID to value 2758435
Set parameter LicenseID to value 2758435
Set parameter LicenseID to value 2758435
Set parameter LicenseID to value 2758435
Set parameter LicenseID to value 2758435
  round 218 ACCEPT: first-bit rank 204985 -> 204985  total_cost=0 changed=2 hots=1 scale=1
Set parameter LicenseID to value 2758435
Set parameter LicenseID to value 2758435
Set parameter LicenseID to value 2758435
Set parameter LicenseID to value 2758435
Set parameter LicenseID to value 2758435
Set parameter LicenseID to value 2758435
Set parameter LicenseID to value 2758435
Set parameter LicenseID to value 2758435
Set parameter LicenseID to value 2758435
Set parameter LicenseID to value 2758435
Set parameter LicenseID to value 2758435
Set parameter LicenseID to value 2758435
Set parameter LicenseID to value 2758435
Set parameter LicenseID to value 2758435
Set parameter LicenseID to value 2758435
Set parameter LicenseID to value 2758435
Set parameter LicenseID to value 2758435
Set parameter LicenseID to value 2758435
Set parameter LicenseID to value 2758435
Set parameter LicenseID to value 2758435
Set parameter LicenseID to value 2758435
Set parameter LicenseID to value 2758435
Set parameter LicenseID to value 2758435
Set parameter LicenseID to value 2758435
Set parameter LicenseID to value 2758435
Set parameter LicenseID to value 2758435
Set parameter LicenseID to value 2758435
Set parameter LicenseID to value 2758435
Set parameter LicenseID to value 2758435
Set parameter LicenseID to value 2758435
Set parameter LicenseID to value 2758435
Set parameter LicenseID to value 2758435
Set parameter LicenseID to value 2758435
Set parameter LicenseID to value 2758435
Set parameter LicenseID to value 2758435
Set parameter LicenseID to value 2758435
Set parameter LicenseID to value 2758435
Set parameter LicenseID to value 2758435
Set parameter LicenseID to value 2758435
Set parameter LicenseID to value 2758435
Set parameter LicenseID to value 2758435
Set parameter LicenseID to value 2758435
Set parameter LicenseID to value 2758435
Set parameter LicenseID to value 2758435
Set parameter LicenseID to value 2758435
Set parameter LicenseID to value 2758435
Set parameter LicenseID to value 2758435
Set parameter LicenseID to value 2758435
Set parameter LicenseID to value 2758435
Set parameter LicenseID to value 2758435
Set parameter LicenseID to value 2758435
Set parameter LicenseID to value 2758435
Set parameter LicenseID to value 2758435
Set parameter LicenseID to value 2758435
Set parameter LicenseID to value 2758435
Set parameter LicenseID to value 2758435
Set parameter LicenseID to value 2758435
Set parameter LicenseID to value 2758435
Set parameter LicenseID to value 2758435
Set parameter LicenseID to value 2758435
Set parameter LicenseID to value 2758435
Set parameter LicenseID to value 2758435
Set parameter LicenseID to value 2758435
Set parameter LicenseID to value 2758435
Set parameter LicenseID to value 2758435
Set parameter LicenseID to value 2758435
Set parameter LicenseID to value 2758435
Set parameter LicenseID to value 2758435
Set parameter LicenseID to value 2758435
Set parameter LicenseID to value 2758435
Set parameter LicenseID to value 2758435
Set parameter LicenseID to value 2758435
Set parameter LicenseID to value 2758435
Set parameter LicenseID to value 2758435
Set parameter LicenseID to value 2758435
Set parameter LicenseID to value 2758435
Set parameter LicenseID to value 2758435
Set parameter LicenseID to value 2758435
Set parameter LicenseID to value 2758435
Set parameter LicenseID to value 2758435
Set parameter LicenseID to value 2758435
Set parameter LicenseID to value 2758435
Set parameter LicenseID to value 2758435
Set parameter LicenseID to value 2758435
Set parameter LicenseID to value 2758435
Set parameter LicenseID to value 2758435
Set parameter LicenseID to value 2758435
Set parameter LicenseID to value 2758435
Set parameter LicenseID to value 2758435
Set parameter LicenseID to value 2758435
Set parameter LicenseID to value 2758435
Set parameter LicenseID to value 2758435
Set parameter LicenseID to value 2758435
Set parameter LicenseID to value 2758435
Set parameter LicenseID to value 2758435
Set parameter LicenseID to value 2758435
Set parameter LicenseID to value 2758435
Set parameter LicenseID to value 2758435
Set parameter LicenseID to value 2758435
Set parameter LicenseID to value 2758435
Set parameter LicenseID to value 2758435
Set parameter LicenseID to value 2758435
  round 235 ACCEPT: first-bit rank 204985 -> 204985  total_cost=0 changed=2 hots=1 scale=1
Set parameter LicenseID to value 2758435
Set parameter LicenseID to value 2758435
Set parameter LicenseID to value 2758435
Set parameter LicenseID to value 2758435
Set parameter LicenseID to value 2758435
Set parameter LicenseID to value 2758435
Set parameter LicenseID to value 2758435
Set parameter LicenseID to value 2758435
Set parameter LicenseID to value 2758435
Set parameter LicenseID to value 2758435
Set parameter LicenseID to value 2758435
Set parameter LicenseID to value 2758435
Set parameter LicenseID to value 2758435
Set parameter LicenseID to value 2758435
Set parameter LicenseID to value 2758435
Set parameter LicenseID to value 2758435
Set parameter LicenseID to value 2758435
Set parameter LicenseID to value 2758435
Set parameter LicenseID to value 2758435
Set parameter LicenseID to value 2758435
Set parameter LicenseID to value 2758435
Set parameter LicenseID to value 2758435
Set parameter LicenseID to value 2758435
Set parameter LicenseID to value 2758435
Set parameter LicenseID to value 2758435
Set parameter LicenseID to value 2758435
Set parameter LicenseID to value 2758435
Set parameter LicenseID to value 2758435
Set parameter LicenseID to value 2758435
Set parameter LicenseID to value 2758435
Set parameter LicenseID to value 2758435
Set parameter LicenseID to value 2758435
Set parameter LicenseID to value 2758435
Set parameter LicenseID to value 2758435
Set parameter LicenseID to value 2758435
Set parameter LicenseID to value 2758435
Set parameter LicenseID to value 2758435
Set parameter LicenseID to value 2758435
Set parameter LicenseID to value 2758435
Set parameter LicenseID to value 2758435
Set parameter LicenseID to value 2758435
Set parameter LicenseID to value 2758435
Set parameter LicenseID to value 2758435
Set parameter LicenseID to value 2758435
Set parameter LicenseID to value 2758435
Set parameter LicenseID to value 2758435
Set parameter LicenseID to value 2758435
Set parameter LicenseID to value 2758435
Set parameter LicenseID to value 2758435
Set parameter LicenseID to value 2758435
Set parameter LicenseID to value 2758435
Set parameter LicenseID to value 2758435
Set parameter LicenseID to value 2758435
Set parameter LicenseID to value 2758435
Set parameter LicenseID to value 2758435
Set parameter LicenseID to value 2758435
Set parameter LicenseID to value 2758435
Set parameter LicenseID to value 2758435
Set parameter LicenseID to value 2758435
Set parameter LicenseID to value 2758435
Set parameter LicenseID to value 2758435
Set parameter LicenseID to value 2758435
Set parameter LicenseID to value 2758435
Set parameter LicenseID to value 2758435
Set parameter LicenseID to value 2758435
Set parameter LicenseID to value 2758435
Set parameter LicenseID to value 2758435
Set parameter LicenseID to value 2758435
Set parameter LicenseID to value 2758435
Set parameter LicenseID to value 2758435
Set parameter LicenseID to value 2758435
Set parameter LicenseID to value 2758435
Set parameter LicenseID to value 2758435
Set parameter LicenseID to value 2758435
Set parameter LicenseID to value 2758435
Set parameter LicenseID to value 2758435
Set parameter LicenseID to value 2758435
Set parameter LicenseID to value 2758435
Set parameter LicenseID to value 2758435
Set parameter LicenseID to value 2758435
Set parameter LicenseID to value 2758435
Set parameter LicenseID to value 2758435
Set parameter LicenseID to value 2758435
Set parameter LicenseID to value 2758435
Set parameter LicenseID to value 2758435
Set parameter LicenseID to value 2758435
Set parameter LicenseID to value 2758435
Set parameter LicenseID to value 2758435
Set parameter LicenseID to value 2758435
Set parameter LicenseID to value 2758435
Set parameter LicenseID to value 2758435
Set parameter LicenseID to value 2758435
Set parameter LicenseID to value 2758435
Set parameter LicenseID to value 2758435
Set parameter LicenseID to value 2758435
Set parameter LicenseID to value 2758435
Set parameter LicenseID to value 2758435
Set parameter LicenseID to value 2758435
Set parameter LicenseID to value 2758435
Set parameter LicenseID to value 2758435
Set parameter LicenseID to value 2758435
Set parameter LicenseID to value 2758435
Set parameter LicenseID to value 2758435
Set parameter LicenseID to value 2758435
Set parameter LicenseID to value 2758435
Set parameter LicenseID to value 2758435
Set parameter LicenseID to value 2758435
Set parameter LicenseID to value 2758435
Set parameter LicenseID to value 2758435
Set parameter LicenseID to value 2758435
Set parameter LicenseID to value 2758435
Set parameter LicenseID to value 2758435
Set parameter LicenseID to value 2758435
Set parameter LicenseID to value 2758435
Set parameter LicenseID to value 2758435
Set parameter LicenseID to value 2758435
Set parameter LicenseID to value 2758435
Set parameter LicenseID to value 2758435
Set parameter LicenseID to value 2758435
Set parameter LicenseID to value 2758435
Set parameter LicenseID to value 2758435
Set parameter LicenseID to value 2758435
Set parameter LicenseID to value 2758435
Set parameter LicenseID to value 2758435
Set parameter LicenseID to value 2758435
Set parameter LicenseID to value 2758435
Set parameter LicenseID to value 2758435
Set parameter LicenseID to value 2758435
Set parameter LicenseID to value 2758435
Set parameter LicenseID to value 2758435
Set parameter LicenseID to value 2758435
Set parameter LicenseID to value 2758435
Set parameter LicenseID to value 2758435
Set parameter LicenseID to value 2758435
Set parameter LicenseID to value 2758435
Set parameter LicenseID to value 2758435
Set parameter LicenseID to value 2758435
Set parameter LicenseID to value 2758435
Set parameter LicenseID to value 2758435
Set parameter LicenseID to value 2758435
Set parameter LicenseID to value 2758435
Set parameter LicenseID to value 2758435
Set parameter LicenseID to value 2758435
Set parameter LicenseID to value 2758435
Set parameter LicenseID to value 2758435
Set parameter LicenseID to value 2758435
Set parameter LicenseID to value 2758435
Set parameter LicenseID to value 2758435
Set parameter LicenseID to value 2758435
Set parameter LicenseID to value 2758435
Set parameter LicenseID to value 2758435
Set parameter LicenseID to value 2758435
Set parameter LicenseID to value 2758435
Set parameter LicenseID to value 2758435
Set parameter LicenseID to value 2758435
Set parameter LicenseID to value 2758435
Set parameter LicenseID to value 2758435
Set parameter LicenseID to value 2758435
Set parameter LicenseID to value 2758435
Set parameter LicenseID to value 2758435
Set parameter LicenseID to value 2758435
Set parameter LicenseID to value 2758435
Set parameter LicenseID to value 2758435
Set parameter LicenseID to value 2758435
Set parameter LicenseID to value 2758435
Set parameter LicenseID to value 2758435
Set parameter LicenseID to value 2758435
Set parameter LicenseID to value 2758435
Set parameter LicenseID to value 2758435
Set parameter LicenseID to value 2758435
Set parameter LicenseID to value 2758435
Set parameter LicenseID to value 2758435
Set parameter LicenseID to value 2758435
Set parameter LicenseID to value 2758435
Set parameter LicenseID to value 2758435
Set parameter LicenseID to value 2758435
Set parameter LicenseID to value 2758435
Set parameter LicenseID to value 2758435
Set parameter LicenseID to value 2758435
Set parameter LicenseID to value 2758435
Set parameter LicenseID to value 2758435
Set parameter LicenseID to value 2758435
Set parameter LicenseID to value 2758435
Set parameter LicenseID to value 2758435
Set parameter LicenseID to value 2758435
Set parameter LicenseID to value 2758435
Set parameter LicenseID to value 2758435
Set parameter LicenseID to value 2758435
Set parameter LicenseID to value 2758435
Set parameter LicenseID to value 2758435
Set parameter LicenseID to value 2758435
Set parameter LicenseID to value 2758435
Set parameter LicenseID to value 2758435
Set parameter LicenseID to value 2758435
Set parameter LicenseID to value 2758435
Set parameter LicenseID to value 2758435
Set parameter LicenseID to value 2758435
Set parameter LicenseID to value 2758435
Set parameter LicenseID to value 2758435
Set parameter LicenseID to value 2758435
Set parameter LicenseID to value 2758435
Set parameter LicenseID to value 2758435
Set parameter LicenseID to value 2758435
Set parameter LicenseID to value 2758435
Set parameter LicenseID to value 2758435
Set parameter LicenseID to value 2758435
Set parameter LicenseID to value 2758435
Set parameter LicenseID to value 2758435
Set parameter LicenseID to value 2758435
Set parameter LicenseID to value 2758435
Set parameter LicenseID to value 2758435
Set parameter LicenseID to value 2758435
Set parameter LicenseID to value 2758435
Set parameter LicenseID to value 2758435
Set parameter LicenseID to value 2758435
Set parameter LicenseID to value 2758435
Set parameter LicenseID to value 2758435
Set parameter LicenseID to value 2758435
Set parameter LicenseID to value 2758435
Set parameter LicenseID to value 2758435
Set parameter LicenseID to value 2758435
Set parameter LicenseID to value 2758435
Set parameter LicenseID to value 2758435
Set parameter LicenseID to value 2758435
Set parameter LicenseID to value 2758435
Set parameter LicenseID to value 2758435
Set parameter LicenseID to value 2758435
Set parameter LicenseID to value 2758435
Set parameter LicenseID to value 2758435
Set parameter LicenseID to value 2758435
Set parameter LicenseID to value 2758435
Set parameter LicenseID to value 2758435
Set parameter LicenseID to value 2758435
Set parameter LicenseID to value 2758435
Set parameter LicenseID to value 2758435
Set parameter LicenseID to value 2758435
Set parameter LicenseID to value 2758435
Set parameter LicenseID to value 2758435
Set parameter LicenseID to value 2758435
Set parameter LicenseID to value 2758435
Set parameter LicenseID to value 2758435
Set parameter LicenseID to value 2758435
Set parameter LicenseID to value 2758435
Set parameter LicenseID to value 2758435
Set parameter LicenseID to value 2758435
Set parameter LicenseID to value 2758435
Set parameter LicenseID to value 2758435
Set parameter LicenseID to value 2758435
Set parameter LicenseID to value 2758435
Set parameter LicenseID to value 2758435
Set parameter LicenseID to value 2758435
Set parameter LicenseID to value 2758435
Set parameter LicenseID to value 2758435
Set parameter LicenseID to value 2758435
Set parameter LicenseID to value 2758435
Set parameter LicenseID to value 2758435
Set parameter LicenseID to value 2758435
Set parameter LicenseID to value 2758435
Set parameter LicenseID to value 2758435
Set parameter LicenseID to value 2758435
Set parameter LicenseID to value 2758435
Set parameter LicenseID to value 2758435
Set parameter LicenseID to value 2758435
Set parameter LicenseID to value 2758435
Set parameter LicenseID to value 2758435
Set parameter LicenseID to value 2758435
Set parameter LicenseID to value 2758435
Set parameter LicenseID to value 2758435
Set parameter LicenseID to value 2758435
Set parameter LicenseID to value 2758435
Set parameter LicenseID to value 2758435
Set parameter LicenseID to value 2758435
Set parameter LicenseID to value 2758435
Set parameter LicenseID to value 2758435
Set parameter LicenseID to value 2758435
Set parameter LicenseID to value 2758435
Set parameter LicenseID to value 2758435
Set parameter LicenseID to value 2758435
Set parameter LicenseID to value 2758435
Set parameter LicenseID to value 2758435
Set parameter LicenseID to value 2758435
Set parameter LicenseID to value 2758435
Set parameter LicenseID to value 2758435
Set parameter LicenseID to value 2758435
Set parameter LicenseID to value 2758435
Set parameter LicenseID to value 2758435
Set parameter LicenseID to value 2758435
Set parameter LicenseID to value 2758435
Set parameter LicenseID to value 2758435
Set parameter LicenseID to value 2758435
Set parameter LicenseID to value 2758435
Set parameter LicenseID to value 2758435
Set parameter LicenseID to value 2758435
Set parameter LicenseID to value 2758435
Set parameter LicenseID to value 2758435
Set parameter LicenseID to value 2758435
Set parameter LicenseID to value 2758435
Set parameter LicenseID to value 2758435
Set parameter LicenseID to value 2758435
Set parameter LicenseID to value 2758435
Set parameter LicenseID to value 2758435
Set parameter LicenseID to value 2758435
Set parameter LicenseID to value 2758435
Set parameter LicenseID to value 2758435
Set parameter LicenseID to value 2758435
Set parameter LicenseID to value 2758435
Set parameter LicenseID to value 2758435
Set parameter LicenseID to value 2758435
Set parameter LicenseID to value 2758435
Set parameter LicenseID to value 2758435
Set parameter LicenseID to value 2758435
Set parameter LicenseID to value 2758435
Set parameter LicenseID to value 2758435
Set parameter LicenseID to value 2758435
Set parameter LicenseID to value 2758435
Set parameter LicenseID to value 2758435
Set parameter LicenseID to value 2758435
Set parameter LicenseID to value 2758435
Set parameter LicenseID to value 2758435
Set parameter LicenseID to value 2758435
Set parameter LicenseID to value 2758435
Set parameter LicenseID to value 2758435
Set parameter LicenseID to value 2758435
Set parameter LicenseID to value 2758435
Set parameter LicenseID to value 2758435
Set parameter LicenseID to value 2758435
Set parameter LicenseID to value 2758435
Set parameter LicenseID to value 2758435
Set parameter LicenseID to value 2758435
Set parameter LicenseID to value 2758435
Set parameter LicenseID to value 2758435
Set parameter LicenseID to value 2758435
Set parameter LicenseID to value 2758435
Set parameter LicenseID to value 2758435
Set parameter LicenseID to value 2758435
Set parameter LicenseID to value 2758435
Set parameter LicenseID to value 2758435
Set parameter LicenseID to value 2758435
Set parameter LicenseID to value 2758435
Set parameter LicenseID to value 2758435
Set parameter LicenseID to value 2758435
Set parameter LicenseID to value 2758435
  round 292 ACCEPT: first-bit rank 204985 -> 204985  total_cost=0 changed=2 hots=1 scale=1
Set parameter LicenseID to value 2758435
Set parameter LicenseID to value 2758435
Set parameter LicenseID to value 2758435
Set parameter LicenseID to value 2758435
Set parameter LicenseID to value 2758435
Set parameter LicenseID to value 2758435
Set parameter LicenseID to value 2758435
Set parameter LicenseID to value 2758435
Set parameter LicenseID to value 2758435
Set parameter LicenseID to value 2758435
Set parameter LicenseID to value 2758435
Set parameter LicenseID to value 2758435
Set parameter LicenseID to value 2758435
Set parameter LicenseID to value 2758435
Set parameter LicenseID to value 2758435
Set parameter LicenseID to value 2758435
Set parameter LicenseID to value 2758435
Set parameter LicenseID to value 2758435
Set parameter LicenseID to value 2758435
Set parameter LicenseID to value 2758435
Set parameter LicenseID to value 2758435
Set parameter LicenseID to value 2758435
Set parameter LicenseID to value 2758435
Set parameter LicenseID to value 2758435
Set parameter LicenseID to value 2758435
Set parameter LicenseID to value 2758435
Set parameter LicenseID to value 2758435
Set parameter LicenseID to value 2758435
Set parameter LicenseID to value 2758435
Set parameter LicenseID to value 2758435
Set parameter LicenseID to value 2758435
Set parameter LicenseID to value 2758435
Set parameter LicenseID to value 2758435
Set parameter LicenseID to value 2758435
Set parameter LicenseID to value 2758435
Set parameter LicenseID to value 2758435
Set parameter LicenseID to value 2758435
Set parameter LicenseID to value 2758435
Set parameter LicenseID to value 2758435
Set parameter LicenseID to value 2758435
Set parameter LicenseID to value 2758435
Set parameter LicenseID to value 2758435
Set parameter LicenseID to value 2758435
Set parameter LicenseID to value 2758435
Set parameter LicenseID to value 2758435
Set parameter LicenseID to value 2758435
Set parameter LicenseID to value 2758435
Set parameter LicenseID to value 2758435
Set parameter LicenseID to value 2758435
Set parameter LicenseID to value 2758435
Set parameter LicenseID to value 2758435
Set parameter LicenseID to value 2758435
Set parameter LicenseID to value 2758435
Set parameter LicenseID to value 2758435
Set parameter LicenseID to value 2758435
Set parameter LicenseID to value 2758435
Set parameter LicenseID to value 2758435
Set parameter LicenseID to value 2758435
Set parameter LicenseID to value 2758435
Set parameter LicenseID to value 2758435
Set parameter LicenseID to value 2758435
Set parameter LicenseID to value 2758435
Set parameter LicenseID to value 2758435
Set parameter LicenseID to value 2758435
Set parameter LicenseID to value 2758435
Set parameter LicenseID to value 2758435
Set parameter LicenseID to value 2758435
Set parameter LicenseID to value 2758435
Set parameter LicenseID to value 2758435
Set parameter LicenseID to value 2758435
Set parameter LicenseID to value 2758435
Set parameter LicenseID to value 2758435
Set parameter LicenseID to value 2758435
Set parameter LicenseID to value 2758435
Set parameter LicenseID to value 2758435
Set parameter LicenseID to value 2758435
Set parameter LicenseID to value 2758435
Set parameter LicenseID to value 2758435
Set parameter LicenseID to value 2758435
Set parameter LicenseID to value 2758435
Set parameter LicenseID to value 2758435
Set parameter LicenseID to value 2758435
Set parameter LicenseID to value 2758435
Set parameter LicenseID to value 2758435
Set parameter LicenseID to value 2758435
Set parameter LicenseID to value 2758435
Set parameter LicenseID to value 2758435
Set parameter LicenseID to value 2758435
Set parameter LicenseID to value 2758435
Set parameter LicenseID to value 2758435
Set parameter LicenseID to value 2758435
Set parameter LicenseID to value 2758435
Set parameter LicenseID to value 2758435
Set parameter LicenseID to value 2758435
Set parameter LicenseID to value 2758435
Set parameter LicenseID to value 2758435
Set parameter LicenseID to value 2758435
Set parameter LicenseID to value 2758435
Set parameter LicenseID to value 2758435
Set parameter LicenseID to value 2758435
Set parameter LicenseID to value 2758435
Set parameter LicenseID to value 2758435
Set parameter LicenseID to value 2758435
Set parameter LicenseID to value 2758435
Set parameter LicenseID to value 2758435
Set parameter LicenseID to value 2758435
Set parameter LicenseID to value 2758435
Set parameter LicenseID to value 2758435
Set parameter LicenseID to value 2758435
Set parameter LicenseID to value 2758435
Set parameter LicenseID to value 2758435
Set parameter LicenseID to value 2758435
Set parameter LicenseID to value 2758435
Set parameter LicenseID to value 2758435
Set parameter LicenseID to value 2758435
Set parameter LicenseID to value 2758435
Set parameter LicenseID to value 2758435
Set parameter LicenseID to value 2758435
Set parameter LicenseID to value 2758435
Set parameter LicenseID to value 2758435
Set parameter LicenseID to value 2758435
Set parameter LicenseID to value 2758435
Set parameter LicenseID to value 2758435
Set parameter LicenseID to value 2758435
Set parameter LicenseID to value 2758435
Set parameter LicenseID to value 2758435
Set parameter LicenseID to value 2758435
Set parameter LicenseID to value 2758435
Set parameter LicenseID to value 2758435
Set parameter LicenseID to value 2758435
Set parameter LicenseID to value 2758435
Set parameter LicenseID to value 2758435
Set parameter LicenseID to value 2758435
Set parameter LicenseID to value 2758435
Set parameter LicenseID to value 2758435
Set parameter LicenseID to value 2758435
Set parameter LicenseID to value 2758435
Set parameter LicenseID to value 2758435
Set parameter LicenseID to value 2758435
Set parameter LicenseID to value 2758435
Set parameter LicenseID to value 2758435
Set parameter LicenseID to value 2758435
Set parameter LicenseID to value 2758435
Set parameter LicenseID to value 2758435
Set parameter LicenseID to value 2758435
Set parameter LicenseID to value 2758435
Set parameter LicenseID to value 2758435
Set parameter LicenseID to value 2758435
Set parameter LicenseID to value 2758435
Set parameter LicenseID to value 2758435
Set parameter LicenseID to value 2758435
Set parameter LicenseID to value 2758435
Set parameter LicenseID to value 2758435
Set parameter LicenseID to value 2758435
Set parameter LicenseID to value 2758435
Set parameter LicenseID to value 2758435
Set parameter LicenseID to value 2758435
Set parameter LicenseID to value 2758435
Set parameter LicenseID to value 2758435
Set parameter LicenseID to value 2758435
Set parameter LicenseID to value 2758435
Set parameter LicenseID to value 2758435
Set parameter LicenseID to value 2758435
Set parameter LicenseID to value 2758435
Set parameter LicenseID to value 2758435
Set parameter LicenseID to value 2758435
Set parameter LicenseID to value 2758435
Set parameter LicenseID to value 2758435
Set parameter LicenseID to value 2758435
Set parameter LicenseID to value 2758435
Set parameter LicenseID to value 2758435
Set parameter LicenseID to value 2758435
Set parameter LicenseID to value 2758435
Set parameter LicenseID to value 2758435
Set parameter LicenseID to value 2758435
Set parameter LicenseID to value 2758435
Set parameter LicenseID to value 2758435
Set parameter LicenseID to value 2758435
Set parameter LicenseID to value 2758435
Set parameter LicenseID to value 2758435
Set parameter LicenseID to value 2758435
Set parameter LicenseID to value 2758435
Set parameter LicenseID to value 2758435
Set parameter LicenseID to value 2758435
Set parameter LicenseID to value 2758435
Set parameter LicenseID to value 2758435
Set parameter LicenseID to value 2758435
Set parameter LicenseID to value 2758435
Set parameter LicenseID to value 2758435
Set parameter LicenseID to value 2758435
Set parameter LicenseID to value 2758435
Set parameter LicenseID to value 2758435
Set parameter LicenseID to value 2758435
Set parameter LicenseID to value 2758435
Set parameter LicenseID to value 2758435
Set parameter LicenseID to value 2758435
Set parameter LicenseID to value 2758435
Set parameter LicenseID to value 2758435
Set parameter LicenseID to value 2758435
Set parameter LicenseID to value 2758435
Set parameter LicenseID to value 2758435
Set parameter LicenseID to value 2758435
Set parameter LicenseID to value 2758435
Set parameter LicenseID to value 2758435
Set parameter LicenseID to value 2758435
Set parameter LicenseID to value 2758435
Set parameter LicenseID to value 2758435
Set parameter LicenseID to value 2758435
Set parameter LicenseID to value 2758435
Set parameter LicenseID to value 2758435
Set parameter LicenseID to value 2758435
Set parameter LicenseID to value 2758435
Set parameter LicenseID to value 2758435
Set parameter LicenseID to value 2758435
Set parameter LicenseID to value 2758435
Set parameter LicenseID to value 2758435
Set parameter LicenseID to value 2758435
Set parameter LicenseID to value 2758435
Set parameter LicenseID to value 2758435
Set parameter LicenseID to value 2758435
Set parameter LicenseID to value 2758435
Set parameter LicenseID to value 2758435
Set parameter LicenseID to value 2758435
Set parameter LicenseID to value 2758435
Set parameter LicenseID to value 2758435
Set parameter LicenseID to value 2758435
Set parameter LicenseID to value 2758435
Set parameter LicenseID to value 2758435
Set parameter LicenseID to value 2758435
Set parameter LicenseID to value 2758435
Set parameter LicenseID to value 2758435
Set parameter LicenseID to value 2758435
Set parameter LicenseID to value 2758435
Set parameter LicenseID to value 2758435
Set parameter LicenseID to value 2758435
Set parameter LicenseID to value 2758435
Set parameter LicenseID to value 2758435
Set parameter LicenseID to value 2758435
Set parameter LicenseID to value 2758435
Set parameter LicenseID to value 2758435
Set parameter LicenseID to value 2758435
Set parameter LicenseID to value 2758435
Set parameter LicenseID to value 2758435
Set parameter LicenseID to value 2758435
Set parameter LicenseID to value 2758435
Set parameter LicenseID to value 2758435
  round 333 ACCEPT: first-bit rank 204985 -> 204985  total_cost=0 changed=4 hots=1 scale=1
Set parameter LicenseID to value 2758435
Set parameter LicenseID to value 2758435
Set parameter LicenseID to value 2758435
Set parameter LicenseID to value 2758435
Set parameter LicenseID to value 2758435
Set parameter LicenseID to value 2758435
Set parameter LicenseID to value 2758435
Set parameter LicenseID to value 2758435
Set parameter LicenseID to value 2758435
Set parameter LicenseID to value 2758435
Set parameter LicenseID to value 2758435
Set parameter LicenseID to value 2758435
Set parameter LicenseID to value 2758435
Set parameter LicenseID to value 2758435
Set parameter LicenseID to value 2758435
Set parameter LicenseID to value 2758435
Set parameter LicenseID to value 2758435
Set parameter LicenseID to value 2758435
Set parameter LicenseID to value 2758435
Set parameter LicenseID to value 2758435
Set parameter LicenseID to value 2758435
Set parameter LicenseID to value 2758435
Set parameter LicenseID to value 2758435
Set parameter LicenseID to value 2758435
Set parameter LicenseID to value 2758435
Set parameter LicenseID to value 2758435
Set parameter LicenseID to value 2758435
Set parameter LicenseID to value 2758435
Set parameter LicenseID to value 2758435
Set parameter LicenseID to value 2758435
Set parameter LicenseID to value 2758435
Set parameter LicenseID to value 2758435
Set parameter LicenseID to value 2758435
Set parameter LicenseID to value 2758435
Set parameter LicenseID to value 2758435
Set parameter LicenseID to value 2758435
Set parameter LicenseID to value 2758435
Set parameter LicenseID to value 2758435
Set parameter LicenseID to value 2758435
Set parameter LicenseID to value 2758435
Set parameter LicenseID to value 2758435
Set parameter LicenseID to value 2758435
Set parameter LicenseID to value 2758435
Set parameter LicenseID to value 2758435
Set parameter LicenseID to value 2758435
Set parameter LicenseID to value 2758435
Set parameter LicenseID to value 2758435
Set parameter LicenseID to value 2758435
Set parameter LicenseID to value 2758435
Set parameter LicenseID to value 2758435
Set parameter LicenseID to value 2758435
Set parameter LicenseID to value 2758435
Set parameter LicenseID to value 2758435
Set parameter LicenseID to value 2758435
Set parameter LicenseID to value 2758435
Set parameter LicenseID to value 2758435
Set parameter LicenseID to value 2758435
Set parameter LicenseID to value 2758435
Set parameter LicenseID to value 2758435
Set parameter LicenseID to value 2758435
Set parameter LicenseID to value 2758435
Set parameter LicenseID to value 2758435
Set parameter LicenseID to value 2758435
Set parameter LicenseID to value 2758435
Set parameter LicenseID to value 2758435
Set parameter LicenseID to value 2758435
Set parameter LicenseID to value 2758435
Set parameter LicenseID to value 2758435
Set parameter LicenseID to value 2758435
Set parameter LicenseID to value 2758435
Set parameter LicenseID to value 2758435
Set parameter LicenseID to value 2758435
Set parameter LicenseID to value 2758435
Set parameter LicenseID to value 2758435
Set parameter LicenseID to value 2758435
Set parameter LicenseID to value 2758435
Set parameter LicenseID to value 2758435
Set parameter LicenseID to value 2758435
Set parameter LicenseID to value 2758435
Set parameter LicenseID to value 2758435
Set parameter LicenseID to value 2758435
Set parameter LicenseID to value 2758435
Set parameter LicenseID to value 2758435
Set parameter LicenseID to value 2758435
Set parameter LicenseID to value 2758435
Set parameter LicenseID to value 2758435
Set parameter LicenseID to value 2758435
Set parameter LicenseID to value 2758435
Set parameter LicenseID to value 2758435
Set parameter LicenseID to value 2758435
Set parameter LicenseID to value 2758435
Set parameter LicenseID to value 2758435
Set parameter LicenseID to value 2758435
Set parameter LicenseID to value 2758435
Set parameter LicenseID to value 2758435
Set parameter LicenseID to value 2758435
Set parameter LicenseID to value 2758435
Set parameter LicenseID to value 2758435
Set parameter LicenseID to value 2758435
Set parameter LicenseID to value 2758435
Set parameter LicenseID to value 2758435
Set parameter LicenseID to value 2758435
Set parameter LicenseID to value 2758435
Set parameter LicenseID to value 2758435
Set parameter LicenseID to value 2758435
Set parameter LicenseID to value 2758435
Set parameter LicenseID to value 2758435
Set parameter LicenseID to value 2758435
Set parameter LicenseID to value 2758435
Set parameter LicenseID to value 2758435
Set parameter LicenseID to value 2758435
Set parameter LicenseID to value 2758435
Set parameter LicenseID to value 2758435
Set parameter LicenseID to value 2758435
Set parameter LicenseID to value 2758435
Set parameter LicenseID to value 2758435
Set parameter LicenseID to value 2758435
Set parameter LicenseID to value 2758435
Set parameter LicenseID to value 2758435
Set parameter LicenseID to value 2758435
Set parameter LicenseID to value 2758435
Set parameter LicenseID to value 2758435
Set parameter LicenseID to value 2758435
Set parameter LicenseID to value 2758435
Set parameter LicenseID to value 2758435
Set parameter LicenseID to value 2758435
Set parameter LicenseID to value 2758435
Set parameter LicenseID to value 2758435
Set parameter LicenseID to value 2758435
Set parameter LicenseID to value 2758435
Set parameter LicenseID to value 2758435
Set parameter LicenseID to value 2758435
Set parameter LicenseID to value 2758435
Set parameter LicenseID to value 2758435
Set parameter LicenseID to value 2758435
Set parameter LicenseID to value 2758435
Set parameter LicenseID to value 2758435
Set parameter LicenseID to value 2758435
  round 356 ACCEPT: first-bit rank 204985 -> 204985  total_cost=0 changed=2 hots=1 scale=1
Set parameter LicenseID to value 2758435
Set parameter LicenseID to value 2758435
Set parameter LicenseID to value 2758435
Set parameter LicenseID to value 2758435
Set parameter LicenseID to value 2758435
Set parameter LicenseID to value 2758435
Set parameter LicenseID to value 2758435
Set parameter LicenseID to value 2758435
Set parameter LicenseID to value 2758435
Set parameter LicenseID to value 2758435
Set parameter LicenseID to value 2758435
Set parameter LicenseID to value 2758435
Set parameter LicenseID to value 2758435
Set parameter LicenseID to value 2758435
Set parameter LicenseID to value 2758435
Set parameter LicenseID to value 2758435
Set parameter LicenseID to value 2758435
Set parameter LicenseID to value 2758435
Set parameter LicenseID to value 2758435
Set parameter LicenseID to value 2758435
Set parameter LicenseID to value 2758435
Set parameter LicenseID to value 2758435
Set parameter LicenseID to value 2758435
Set parameter LicenseID to value 2758435
Set parameter LicenseID to value 2758435
Set parameter LicenseID to value 2758435
Set parameter LicenseID to value 2758435
Set parameter LicenseID to value 2758435
Set parameter LicenseID to value 2758435
Set parameter LicenseID to value 2758435
Set parameter LicenseID to value 2758435
Set parameter LicenseID to value 2758435
Set parameter LicenseID to value 2758435
Set parameter LicenseID to value 2758435
Set parameter LicenseID to value 2758435
Set parameter LicenseID to value 2758435
Set parameter LicenseID to value 2758435
Set parameter LicenseID to value 2758435
Set parameter LicenseID to value 2758435
Set parameter LicenseID to value 2758435
Set parameter LicenseID to value 2758435
Set parameter LicenseID to value 2758435
Set parameter LicenseID to value 2758435
Set parameter LicenseID to value 2758435
Set parameter LicenseID to value 2758435
Set parameter LicenseID to value 2758435
Set parameter LicenseID to value 2758435
Set parameter LicenseID to value 2758435
Set parameter LicenseID to value 2758435
Set parameter LicenseID to value 2758435
Set parameter LicenseID to value 2758435
Set parameter LicenseID to value 2758435
Set parameter LicenseID to value 2758435
Set parameter LicenseID to value 2758435
Set parameter LicenseID to value 2758435
Set parameter LicenseID to value 2758435
Set parameter LicenseID to value 2758435
Set parameter LicenseID to value 2758435
Set parameter LicenseID to value 2758435
Set parameter LicenseID to value 2758435
Set parameter LicenseID to value 2758435
Set parameter LicenseID to value 2758435
Set parameter LicenseID to value 2758435
Set parameter LicenseID to value 2758435
Set parameter LicenseID to value 2758435
Set parameter LicenseID to value 2758435
Set parameter LicenseID to value 2758435
Set parameter LicenseID to value 2758435
Set parameter LicenseID to value 2758435
Set parameter LicenseID to value 2758435
Set parameter LicenseID to value 2758435
Set parameter LicenseID to value 2758435
Set parameter LicenseID to value 2758435
Set parameter LicenseID to value 2758435
Set parameter LicenseID to value 2758435
Set parameter LicenseID to value 2758435
Set parameter LicenseID to value 2758435
Set parameter LicenseID to value 2758435
Set parameter LicenseID to value 2758435
Set parameter LicenseID to value 2758435
Set parameter LicenseID to value 2758435
Set parameter LicenseID to value 2758435
Set parameter LicenseID to value 2758435
Set parameter LicenseID to value 2758435
Set parameter LicenseID to value 2758435
Set parameter LicenseID to value 2758435
Set parameter LicenseID to value 2758435
Set parameter LicenseID to value 2758435
Set parameter LicenseID to value 2758435
Set parameter LicenseID to value 2758435
Set parameter LicenseID to value 2758435
Set parameter LicenseID to value 2758435
Set parameter LicenseID to value 2758435
Set parameter LicenseID to value 2758435
Set parameter LicenseID to value 2758435
Set parameter LicenseID to value 2758435
Set parameter LicenseID to value 2758435
Set parameter LicenseID to value 2758435
Set parameter LicenseID to value 2758435
Set parameter LicenseID to value 2758435
Set parameter LicenseID to value 2758435
Set parameter LicenseID to value 2758435
Set parameter LicenseID to value 2758435
Set parameter LicenseID to value 2758435
Set parameter LicenseID to value 2758435
Set parameter LicenseID to value 2758435
Set parameter LicenseID to value 2758435
Set parameter LicenseID to value 2758435
Set parameter LicenseID to value 2758435
Set parameter LicenseID to value 2758435
Set parameter LicenseID to value 2758435
Set parameter LicenseID to value 2758435
Set parameter LicenseID to value 2758435
Set parameter LicenseID to value 2758435
Set parameter LicenseID to value 2758435
Set parameter LicenseID to value 2758435
Set parameter LicenseID to value 2758435
Set parameter LicenseID to value 2758435
Set parameter LicenseID to value 2758435
Set parameter LicenseID to value 2758435
Set parameter LicenseID to value 2758435
Set parameter LicenseID to value 2758435
Set parameter LicenseID to value 2758435
Set parameter LicenseID to value 2758435
Set parameter LicenseID to value 2758435
Set parameter LicenseID to value 2758435
Set parameter LicenseID to value 2758435
Set parameter LicenseID to value 2758435
Set parameter LicenseID to value 2758435
Set parameter LicenseID to value 2758435
Set parameter LicenseID to value 2758435
Set parameter LicenseID to value 2758435
Set parameter LicenseID to value 2758435
Set parameter LicenseID to value 2758435
Set parameter LicenseID to value 2758435
Set parameter LicenseID to value 2758435
Set parameter LicenseID to value 2758435
Set parameter LicenseID to value 2758435
Set parameter LicenseID to value 2758435
Set parameter LicenseID to value 2758435
Set parameter LicenseID to value 2758435
Set parameter LicenseID to value 2758435
Set parameter LicenseID to value 2758435
Set parameter LicenseID to value 2758435
Set parameter LicenseID to value 2758435
Set parameter LicenseID to value 2758435
Set parameter LicenseID to value 2758435
Set parameter LicenseID to value 2758435
Set parameter LicenseID to value 2758435
Set parameter LicenseID to value 2758435
Set parameter LicenseID to value 2758435
Set parameter LicenseID to value 2758435
Set parameter LicenseID to value 2758435
Set parameter LicenseID to value 2758435
Set parameter LicenseID to value 2758435
Set parameter LicenseID to value 2758435
Set parameter LicenseID to value 2758435
Set parameter LicenseID to value 2758435
Set parameter LicenseID to value 2758435
Set parameter LicenseID to value 2758435
Set parameter LicenseID to value 2758435
Set parameter LicenseID to value 2758435
Set parameter LicenseID to value 2758435
Set parameter LicenseID to value 2758435
Set parameter LicenseID to value 2758435
Set parameter LicenseID to value 2758435
Set parameter LicenseID to value 2758435
Set parameter LicenseID to value 2758435
Set parameter LicenseID to value 2758435
Set parameter LicenseID to value 2758435
Set parameter LicenseID to value 2758435
Set parameter LicenseID to value 2758435
Set parameter LicenseID to value 2758435
Set parameter LicenseID to value 2758435
Set parameter LicenseID to value 2758435
Set parameter LicenseID to value 2758435
Set parameter LicenseID to value 2758435
Set parameter LicenseID to value 2758435
Set parameter LicenseID to value 2758435
Set parameter LicenseID to value 2758435
Set parameter LicenseID to value 2758435
Set parameter LicenseID to value 2758435
Set parameter LicenseID to value 2758435
Set parameter LicenseID to value 2758435
Set parameter LicenseID to value 2758435
Set parameter LicenseID to value 2758435
Set parameter LicenseID to value 2758435
Set parameter LicenseID to value 2758435
Set parameter LicenseID to value 2758435
Set parameter LicenseID to value 2758435
Set parameter LicenseID to value 2758435
Set parameter LicenseID to value 2758435
Set parameter LicenseID to value 2758435
Set parameter LicenseID to value 2758435
Set parameter LicenseID to value 2758435
Set parameter LicenseID to value 2758435
Set parameter LicenseID to value 2758435
Set parameter LicenseID to value 2758435
Set parameter LicenseID to value 2758435
Set parameter LicenseID to value 2758435
Set parameter LicenseID to value 2758435
Set parameter LicenseID to value 2758435
Set parameter LicenseID to value 2758435
Set parameter LicenseID to value 2758435
Set parameter LicenseID to value 2758435
Set parameter LicenseID to value 2758435
Set parameter LicenseID to value 2758435
Set parameter LicenseID to value 2758435
Set parameter LicenseID to value 2758435
Set parameter LicenseID to value 2758435
Set parameter LicenseID to value 2758435
Set parameter LicenseID to value 2758435
Set parameter LicenseID to value 2758435
Set parameter LicenseID to value 2758435
Set parameter LicenseID to value 2758435
Set parameter LicenseID to value 2758435
Set parameter LicenseID to value 2758435
Set parameter LicenseID to value 2758435
Set parameter LicenseID to value 2758435
Set parameter LicenseID to value 2758435
Set parameter LicenseID to value 2758435
Set parameter LicenseID to value 2758435
Set parameter LicenseID to value 2758435
Set parameter LicenseID to value 2758435
Set parameter LicenseID to value 2758435
Set parameter LicenseID to value 2758435
Set parameter LicenseID to value 2758435
Set parameter LicenseID to value 2758435
Set parameter LicenseID to value 2758435
Set parameter LicenseID to value 2758435
Set parameter LicenseID to value 2758435
Set parameter LicenseID to value 2758435
Set parameter LicenseID to value 2758435
Set parameter LicenseID to value 2758435
Set parameter LicenseID to value 2758435
Set parameter LicenseID to value 2758435
Set parameter LicenseID to value 2758435
Set parameter LicenseID to value 2758435
Set parameter LicenseID to value 2758435
Set parameter LicenseID to value 2758435
Set parameter LicenseID to value 2758435
Set parameter LicenseID to value 2758435
Set parameter LicenseID to value 2758435
Set parameter LicenseID to value 2758435
Set parameter LicenseID to value 2758435
Set parameter LicenseID to value 2758435
Set parameter LicenseID to value 2758435
Set parameter LicenseID to value 2758435
Set parameter LicenseID to value 2758435
Set parameter LicenseID to value 2758435
Set parameter LicenseID to value 2758435
Set parameter LicenseID to value 2758435
done: accepted=20 rejected=380  final first-bit raw=0.204985875 rank=204985  total_cost=0 budget_ok=true elapsed=13.6s
  reject reason conf       680
  reject reason lex        8
  reject reason no-change  366
  reject reason no-pool    6
  reject reason not-proven 36
  solves=394 avg pool pairs=4.3 avg cands=192.7 gurobi=3.01s (22.0% of elapsed)
  cand mode=mix pool_cap=24 max_w1=24 max_w2=32 global_k=0 hop_cache=true
  hops queries=21750 hits=21301 misses=449 computed=449 sets=2
  schedule=hot focus_n=10 hot_k=6 grow_mult=2 scale_cap=8 conf_gate=true scale=1 epoch_restarts=0
  freeze: pre=0 soft=0 skip=358 conf_seeds=358
  first bit PROVEN optimal: rank 204985 == structural floor 204985 (raw 0.204985875)
RESULT setA-05 accepted=20 firstbit=204985 total_cost=0 budget_ok=true
sprint compare: tie 8/792 layers; first gap layer 9 (91845 vs 91045)
    layer 9: ours 91845 vs sprint 91045
    layer 11: ours 85354 vs sprint 81929
    layer 12: ours 83298 vs sprint 81929
    layer 13: ours 81929 vs sprint 81427
    layer 14: ours 81929 vs sprint 79664
wrote solution -> runs_diag/ab_setA-05_off.json
