instance=setA-15 m=1250 T=2 demands=600
  start first-bit raw=1.000000000 rank=1000000  total_cost=0
presolve: 0.61s cells=1650 deep=100 floors=130 proven=0 revoked=0 timeout=false
  lb_sat=0.898695808 (first-bit rank 898695)  proven_pins=0 floors=130
  pin t=1 arc=372(186->178) load=150.0822 sat=0.898696 src=source-dom proven=false forced_demands=5
  pin t=1 arc=248(124->114) load=127.3972 sat=0.884703 src=source-dom proven=false forced_demands=5
  pin t=1 arc=441(39->220) load=121.3152 sat=0.842467 src=sink-dom proven=false forced_demands=5
  pin t=0 arc=110(55->86) load=82.5206 sat=0.825206 src=source-dom proven=false forced_demands=4
  pin t=0 arc=484(242->29) load=272.2191 sat=0.815027 src=bridge proven=false forced_demands=11
  ... 125 more pins (see -presolve-pins)
Set parameter LicenseID to value 2758435
Set parameter LicenseID to value 2758435
Set parameter LicenseID to value 2758435
Set parameter LicenseID to value 2758435
Set parameter LicenseID to value 2758435
Set parameter LicenseID to value 2758435
  round 1 ACCEPT: first-bit rank 1000000 -> 898695  total_cost=0 changed=10 hots=1 scale=1
Set parameter LicenseID to value 2758435
Set parameter LicenseID to value 2758435
Set parameter LicenseID to value 2758435
Set parameter LicenseID to value 2758435
Set parameter LicenseID to value 2758435
Set parameter LicenseID to value 2758435
  round 5 ACCEPT: first-bit rank 898695 -> 898695  total_cost=0 changed=8 hots=1 scale=1
Set parameter LicenseID to value 2758435
Set parameter LicenseID to value 2758435
Set parameter LicenseID to value 2758435
Set parameter LicenseID to value 2758435
Set parameter LicenseID to value 2758435
Set parameter LicenseID to value 2758435
Set parameter LicenseID to value 2758435
Set parameter LicenseID to value 2758435
Set parameter LicenseID to value 2758435
Set parameter LicenseID to value 2758435
Set parameter LicenseID to value 2758435
Set parameter LicenseID to value 2758435
Set parameter LicenseID to value 2758435
Set parameter LicenseID to value 2758435
Set parameter LicenseID to value 2758435
Set parameter LicenseID to value 2758435
Set parameter LicenseID to value 2758435
Set parameter LicenseID to value 2758435
  round 9 ACCEPT: first-bit rank 898695 -> 898695  total_cost=13 changed=4 hots=2 scale=1
Set parameter LicenseID to value 2758435
Set parameter LicenseID to value 2758435
Set parameter LicenseID to value 2758435
Set parameter LicenseID to value 2758435
Set parameter LicenseID to value 2758435
Set parameter LicenseID to value 2758435
  round 10 ACCEPT: first-bit rank 898695 -> 898695  total_cost=25 changed=4 hots=2 scale=1
Set parameter LicenseID to value 2758435
Set parameter LicenseID to value 2758435
Set parameter LicenseID to value 2758435
Set parameter LicenseID to value 2758435
Set parameter LicenseID to value 2758435
Set parameter LicenseID to value 2758435
  round 11 ACCEPT: first-bit rank 898695 -> 898695  total_cost=25 changed=12 hots=2 scale=1
Set parameter LicenseID to value 2758435
Set parameter LicenseID to value 2758435
Set parameter LicenseID to value 2758435
Set parameter LicenseID to value 2758435
Set parameter LicenseID to value 2758435
Set parameter LicenseID to value 2758435
  round 13 ACCEPT: first-bit rank 898695 -> 898695  total_cost=25 changed=10 hots=2 scale=1
Set parameter LicenseID to value 2758435
Set parameter LicenseID to value 2758435
Set parameter LicenseID to value 2758435
Set parameter LicenseID to value 2758435
Set parameter LicenseID to value 2758435
Set parameter LicenseID to value 2758435
  round 14 ACCEPT: first-bit rank 898695 -> 898695  total_cost=25 changed=18 hots=2 scale=1
Set parameter LicenseID to value 2758435
Set parameter LicenseID to value 2758435
Set parameter LicenseID to value 2758435
Set parameter LicenseID to value 2758435
Set parameter LicenseID to value 2758435
Set parameter LicenseID to value 2758435
  round 15 ACCEPT: first-bit rank 898695 -> 898695  total_cost=25 changed=14 hots=2 scale=1
Set parameter LicenseID to value 2758435
Set parameter LicenseID to value 2758435
Set parameter LicenseID to value 2758435
Set parameter LicenseID to value 2758435
Set parameter LicenseID to value 2758435
Set parameter LicenseID to value 2758435
  round 16 ACCEPT: first-bit rank 898695 -> 898695  total_cost=29 changed=1 hots=2 scale=1
Set parameter LicenseID to value 2758435
Set parameter LicenseID to value 2758435
Set parameter LicenseID to value 2758435
Set parameter LicenseID to value 2758435
Set parameter LicenseID to value 2758435
Set parameter LicenseID to value 2758435
  round 17 ACCEPT: first-bit rank 898695 -> 898695  total_cost=35 changed=2 hots=2 scale=1
Set parameter LicenseID to value 2758435
Set parameter LicenseID to value 2758435
Set parameter LicenseID to value 2758435
Set parameter LicenseID to value 2758435
Set parameter LicenseID to value 2758435
Set parameter LicenseID to value 2758435
Set parameter LicenseID to value 2758435
Set parameter LicenseID to value 2758435
Set parameter LicenseID to value 2758435
Set parameter LicenseID to value 2758435
Set parameter LicenseID to value 2758435
Set parameter LicenseID to value 2758435
  round 19 ACCEPT: first-bit rank 898695 -> 898695  total_cost=35 changed=4 hots=2 scale=1
Set parameter LicenseID to value 2758435
Set parameter LicenseID to value 2758435
Set parameter LicenseID to value 2758435
Set parameter LicenseID to value 2758435
Set parameter LicenseID to value 2758435
Set parameter LicenseID to value 2758435
Set parameter LicenseID to value 2758435
Set parameter LicenseID to value 2758435
Set parameter LicenseID to value 2758435
Set parameter LicenseID to value 2758435
Set parameter LicenseID to value 2758435
Set parameter LicenseID to value 2758435
Set parameter LicenseID to value 2758435
Set parameter LicenseID to value 2758435
Set parameter LicenseID to value 2758435
Set parameter LicenseID to value 2758435
Set parameter LicenseID to value 2758435
Set parameter LicenseID to value 2758435
  round 22 ACCEPT: first-bit rank 898695 -> 898695  total_cost=35 changed=2 hots=2 scale=1
Set parameter LicenseID to value 2758435
Set parameter LicenseID to value 2758435
Set parameter LicenseID to value 2758435
Set parameter LicenseID to value 2758435
Set parameter LicenseID to value 2758435
Set parameter LicenseID to value 2758435
Set parameter LicenseID to value 2758435
Set parameter LicenseID to value 2758435
Set parameter LicenseID to value 2758435
Set parameter LicenseID to value 2758435
Set parameter LicenseID to value 2758435
Set parameter LicenseID to value 2758435
Set parameter LicenseID to value 2758435
Set parameter LicenseID to value 2758435
Set parameter LicenseID to value 2758435
Set parameter LicenseID to value 2758435
Set parameter LicenseID to value 2758435
Set parameter LicenseID to value 2758435
  round 25 ACCEPT: first-bit rank 898695 -> 898695  total_cost=32 changed=10 hots=1 scale=1
Set parameter LicenseID to value 2758435
Set parameter LicenseID to value 2758435
Set parameter LicenseID to value 2758435
Set parameter LicenseID to value 2758435
Set parameter LicenseID to value 2758435
Set parameter LicenseID to value 2758435
  round 26 ACCEPT: first-bit rank 898695 -> 898695  total_cost=32 changed=2 hots=1 scale=1
Set parameter LicenseID to value 2758435
Set parameter LicenseID to value 2758435
Set parameter LicenseID to value 2758435
Set parameter LicenseID to value 2758435
Set parameter LicenseID to value 2758435
Set parameter LicenseID to value 2758435
  round 27 ACCEPT: first-bit rank 898695 -> 898695  total_cost=38 changed=2 hots=1 scale=1
Set parameter LicenseID to value 2758435
Set parameter LicenseID to value 2758435
Set parameter LicenseID to value 2758435
Set parameter LicenseID to value 2758435
Set parameter LicenseID to value 2758435
Set parameter LicenseID to value 2758435
  round 28 ACCEPT: first-bit rank 898695 -> 898695  total_cost=44 changed=2 hots=1 scale=1
Set parameter LicenseID to value 2758435
Set parameter LicenseID to value 2758435
Set parameter LicenseID to value 2758435
Set parameter LicenseID to value 2758435
Set parameter LicenseID to value 2758435
Set parameter LicenseID to value 2758435
  round 29 ACCEPT: first-bit rank 898695 -> 898695  total_cost=44 changed=2 hots=1 scale=1
Set parameter LicenseID to value 2758435
Set parameter LicenseID to value 2758435
Set parameter LicenseID to value 2758435
Set parameter LicenseID to value 2758435
Set parameter LicenseID to value 2758435
Set parameter LicenseID to value 2758435
  round 30 ACCEPT: first-bit rank 898695 -> 898695  total_cost=45 changed=1 hots=1 scale=1
Set parameter LicenseID to value 2758435
Set parameter LicenseID to value 2758435
Set parameter LicenseID to value 2758435
Set parameter LicenseID to value 2758435
Set parameter LicenseID to value 2758435
Set parameter LicenseID to value 2758435
  round 31 ACCEPT: first-bit rank 898695 -> 898695  total_cost=45 changed=18 hots=1 scale=1
Set parameter LicenseID to value 2758435
Set parameter LicenseID to value 2758435
Set parameter LicenseID to value 2758435
Set parameter LicenseID to value 2758435
Set parameter LicenseID to value 2758435
Set parameter LicenseID to value 2758435
  round 32 ACCEPT: first-bit rank 898695 -> 898695  total_cost=48 changed=1 hots=1 scale=1
Set parameter LicenseID to value 2758435
Set parameter LicenseID to value 2758435
Set parameter LicenseID to value 2758435
Set parameter LicenseID to value 2758435
Set parameter LicenseID to value 2758435
Set parameter LicenseID to value 2758435
  round 33 ACCEPT: first-bit rank 898695 -> 898695  total_cost=51 changed=1 hots=1 scale=1
Set parameter LicenseID to value 2758435
Set parameter LicenseID to value 2758435
Set parameter LicenseID to value 2758435
Set parameter LicenseID to value 2758435
Set parameter LicenseID to value 2758435
Set parameter LicenseID to value 2758435
  round 34 ACCEPT: first-bit rank 898695 -> 898695  total_cost=54 changed=1 hots=1 scale=1
Set parameter LicenseID to value 2758435
Set parameter LicenseID to value 2758435
Set parameter LicenseID to value 2758435
Set parameter LicenseID to value 2758435
Set parameter LicenseID to value 2758435
Set parameter LicenseID to value 2758435
  round 35 ACCEPT: first-bit rank 898695 -> 898695  total_cost=54 changed=4 hots=1 scale=1
Set parameter LicenseID to value 2758435
Set parameter LicenseID to value 2758435
Set parameter LicenseID to value 2758435
Set parameter LicenseID to value 2758435
Set parameter LicenseID to value 2758435
Set parameter LicenseID to value 2758435
  round 36 ACCEPT: first-bit rank 898695 -> 898695  total_cost=54 changed=4 hots=1 scale=1
Set parameter LicenseID to value 2758435
Set parameter LicenseID to value 2758435
Set parameter LicenseID to value 2758435
Set parameter LicenseID to value 2758435
Set parameter LicenseID to value 2758435
Set parameter LicenseID to value 2758435
  round 39 ACCEPT: first-bit rank 898695 -> 898695  total_cost=54 changed=24 hots=5 scale=1
Set parameter LicenseID to value 2758435
Set parameter LicenseID to value 2758435
Set parameter LicenseID to value 2758435
Set parameter LicenseID to value 2758435
Set parameter LicenseID to value 2758435
Set parameter LicenseID to value 2758435
  round 40 ACCEPT: first-bit rank 898695 -> 898695  total_cost=54 changed=2 hots=5 scale=1
Set parameter LicenseID to value 2758435
Set parameter LicenseID to value 2758435
Set parameter LicenseID to value 2758435
Set parameter LicenseID to value 2758435
Set parameter LicenseID to value 2758435
Set parameter LicenseID to value 2758435
  round 41 ACCEPT: first-bit rank 898695 -> 898695  total_cost=51 changed=9 hots=5 scale=1
Set parameter LicenseID to value 2758435
Set parameter LicenseID to value 2758435
Set parameter LicenseID to value 2758435
Set parameter LicenseID to value 2758435
Set parameter LicenseID to value 2758435
Set parameter LicenseID to value 2758435
Set parameter LicenseID to value 2758435
Set parameter LicenseID to value 2758435
Set parameter LicenseID to value 2758435
Set parameter LicenseID to value 2758435
Set parameter LicenseID to value 2758435
Set parameter LicenseID to value 2758435
Set parameter LicenseID to value 2758435
Set parameter LicenseID to value 2758435
Set parameter LicenseID to value 2758435
Set parameter LicenseID to value 2758435
Set parameter LicenseID to value 2758435
Set parameter LicenseID to value 2758435
Set parameter LicenseID to value 2758435
Set parameter LicenseID to value 2758435
Set parameter LicenseID to value 2758435
Set parameter LicenseID to value 2758435
Set parameter LicenseID to value 2758435
Set parameter LicenseID to value 2758435
Set parameter LicenseID to value 2758435
Set parameter LicenseID to value 2758435
Set parameter LicenseID to value 2758435
Set parameter LicenseID to value 2758435
Set parameter LicenseID to value 2758435
Set parameter LicenseID to value 2758435
Set parameter LicenseID to value 2758435
Set parameter LicenseID to value 2758435
Set parameter LicenseID to value 2758435
Set parameter LicenseID to value 2758435
Set parameter LicenseID to value 2758435
Set parameter LicenseID to value 2758435
Set parameter LicenseID to value 2758435
Set parameter LicenseID to value 2758435
Set parameter LicenseID to value 2758435
Set parameter LicenseID to value 2758435
Set parameter LicenseID to value 2758435
Set parameter LicenseID to value 2758435
  round 48 ACCEPT: first-bit rank 898695 -> 898695  total_cost=54 changed=1 hots=3 scale=1
Set parameter LicenseID to value 2758435
Set parameter LicenseID to value 2758435
Set parameter LicenseID to value 2758435
Set parameter LicenseID to value 2758435
Set parameter LicenseID to value 2758435
Set parameter LicenseID to value 2758435
  round 49 ACCEPT: first-bit rank 898695 -> 898695  total_cost=54 changed=10 hots=3 scale=1
Set parameter LicenseID to value 2758435
Set parameter LicenseID to value 2758435
Set parameter LicenseID to value 2758435
Set parameter LicenseID to value 2758435
Set parameter LicenseID to value 2758435
Set parameter LicenseID to value 2758435
Set parameter LicenseID to value 2758435
Set parameter LicenseID to value 2758435
Set parameter LicenseID to value 2758435
Set parameter LicenseID to value 2758435
Set parameter LicenseID to value 2758435
Set parameter LicenseID to value 2758435
Set parameter LicenseID to value 2758435
Set parameter LicenseID to value 2758435
Set parameter LicenseID to value 2758435
Set parameter LicenseID to value 2758435
Set parameter LicenseID to value 2758435
Set parameter LicenseID to value 2758435
  round 52 ACCEPT: first-bit rank 898695 -> 898695  total_cost=54 changed=6 hots=2 scale=1
Set parameter LicenseID to value 2758435
Set parameter LicenseID to value 2758435
Set parameter LicenseID to value 2758435
Set parameter LicenseID to value 2758435
Set parameter LicenseID to value 2758435
Set parameter LicenseID to value 2758435
Set parameter LicenseID to value 2758435
Set parameter LicenseID to value 2758435
Set parameter LicenseID to value 2758435
Set parameter LicenseID to value 2758435
Set parameter LicenseID to value 2758435
Set parameter LicenseID to value 2758435
Set parameter LicenseID to value 2758435
Set parameter LicenseID to value 2758435
Set parameter LicenseID to value 2758435
Set parameter LicenseID to value 2758435
Set parameter LicenseID to value 2758435
Set parameter LicenseID to value 2758435
Set parameter LicenseID to value 2758435
Set parameter LicenseID to value 2758435
Set parameter LicenseID to value 2758435
Set parameter LicenseID to value 2758435
Set parameter LicenseID to value 2758435
Set parameter LicenseID to value 2758435
Set parameter LicenseID to value 2758435
Set parameter LicenseID to value 2758435
Set parameter LicenseID to value 2758435
Set parameter LicenseID to value 2758435
Set parameter LicenseID to value 2758435
Set parameter LicenseID to value 2758435
  round 57 ACCEPT: first-bit rank 898695 -> 898695  total_cost=54 changed=2 hots=1 scale=1
Set parameter LicenseID to value 2758435
Set parameter LicenseID to value 2758435
Set parameter LicenseID to value 2758435
Set parameter LicenseID to value 2758435
Set parameter LicenseID to value 2758435
Set parameter LicenseID to value 2758435
  round 58 ACCEPT: first-bit rank 898695 -> 898695  total_cost=54 changed=6 hots=1 scale=1
Set parameter LicenseID to value 2758435
Set parameter LicenseID to value 2758435
Set parameter LicenseID to value 2758435
Set parameter LicenseID to value 2758435
Set parameter LicenseID to value 2758435
Set parameter LicenseID to value 2758435
  round 59 ACCEPT: first-bit rank 898695 -> 898695  total_cost=54 changed=2 hots=1 scale=1
Set parameter LicenseID to value 2758435
Set parameter LicenseID to value 2758435
Set parameter LicenseID to value 2758435
Set parameter LicenseID to value 2758435
Set parameter LicenseID to value 2758435
Set parameter LicenseID to value 2758435
  round 60 ACCEPT: first-bit rank 898695 -> 898695  total_cost=54 changed=2 hots=1 scale=1
Set parameter LicenseID to value 2758435
Set parameter LicenseID to value 2758435
Set parameter LicenseID to value 2758435
Set parameter LicenseID to value 2758435
Set parameter LicenseID to value 2758435
Set parameter LicenseID to value 2758435
Set parameter LicenseID to value 2758435
Set parameter LicenseID to value 2758435
Set parameter LicenseID to value 2758435
Set parameter LicenseID to value 2758435
Set parameter LicenseID to value 2758435
Set parameter LicenseID to value 2758435
Set parameter LicenseID to value 2758435
Set parameter LicenseID to value 2758435
Set parameter LicenseID to value 2758435
Set parameter LicenseID to value 2758435
Set parameter LicenseID to value 2758435
Set parameter LicenseID to value 2758435
Set parameter LicenseID to value 2758435
Set parameter LicenseID to value 2758435
Set parameter LicenseID to value 2758435
Set parameter LicenseID to value 2758435
Set parameter LicenseID to value 2758435
Set parameter LicenseID to value 2758435
Set parameter LicenseID to value 2758435
Set parameter LicenseID to value 2758435
Set parameter LicenseID to value 2758435
Set parameter LicenseID to value 2758435
Set parameter LicenseID to value 2758435
Set parameter LicenseID to value 2758435
Set parameter LicenseID to value 2758435
Set parameter LicenseID to value 2758435
Set parameter LicenseID to value 2758435
Set parameter LicenseID to value 2758435
Set parameter LicenseID to value 2758435
Set parameter LicenseID to value 2758435
Set parameter LicenseID to value 2758435
Set parameter LicenseID to value 2758435
Set parameter LicenseID to value 2758435
Set parameter LicenseID to value 2758435
Set parameter LicenseID to value 2758435
Set parameter LicenseID to value 2758435
Set parameter LicenseID to value 2758435
Set parameter LicenseID to value 2758435
Set parameter LicenseID to value 2758435
Set parameter LicenseID to value 2758435
Set parameter LicenseID to value 2758435
Set parameter LicenseID to value 2758435
Set parameter LicenseID to value 2758435
Set parameter LicenseID to value 2758435
Set parameter LicenseID to value 2758435
Set parameter LicenseID to value 2758435
Set parameter LicenseID to value 2758435
Set parameter LicenseID to value 2758435
  round 71 ACCEPT: first-bit rank 898695 -> 898695  total_cost=48 changed=38 hots=5 scale=1
Set parameter LicenseID to value 2758435
Set parameter LicenseID to value 2758435
Set parameter LicenseID to value 2758435
Set parameter LicenseID to value 2758435
Set parameter LicenseID to value 2758435
Set parameter LicenseID to value 2758435
  round 72 ACCEPT: first-bit rank 898695 -> 898695  total_cost=52 changed=17 hots=5 scale=1
Set parameter LicenseID to value 2758435
Set parameter LicenseID to value 2758435
Set parameter LicenseID to value 2758435
Set parameter LicenseID to value 2758435
Set parameter LicenseID to value 2758435
Set parameter LicenseID to value 2758435
Set parameter LicenseID to value 2758435
Set parameter LicenseID to value 2758435
Set parameter LicenseID to value 2758435
Set parameter LicenseID to value 2758435
Set parameter LicenseID to value 2758435
Set parameter LicenseID to value 2758435
Set parameter LicenseID to value 2758435
Set parameter LicenseID to value 2758435
Set parameter LicenseID to value 2758435
Set parameter LicenseID to value 2758435
Set parameter LicenseID to value 2758435
Set parameter LicenseID to value 2758435
Set parameter LicenseID to value 2758435
Set parameter LicenseID to value 2758435
Set parameter LicenseID to value 2758435
Set parameter LicenseID to value 2758435
Set parameter LicenseID to value 2758435
Set parameter LicenseID to value 2758435
Set parameter LicenseID to value 2758435
Set parameter LicenseID to value 2758435
Set parameter LicenseID to value 2758435
Set parameter LicenseID to value 2758435
Set parameter LicenseID to value 2758435
Set parameter LicenseID to value 2758435
Set parameter LicenseID to value 2758435
Set parameter LicenseID to value 2758435
Set parameter LicenseID to value 2758435
Set parameter LicenseID to value 2758435
Set parameter LicenseID to value 2758435
Set parameter LicenseID to value 2758435
Set parameter LicenseID to value 2758435
Set parameter LicenseID to value 2758435
Set parameter LicenseID to value 2758435
Set parameter LicenseID to value 2758435
Set parameter LicenseID to value 2758435
Set parameter LicenseID to value 2758435
Set parameter LicenseID to value 2758435
Set parameter LicenseID to value 2758435
Set parameter LicenseID to value 2758435
Set parameter LicenseID to value 2758435
Set parameter LicenseID to value 2758435
Set parameter LicenseID to value 2758435
Set parameter LicenseID to value 2758435
Set parameter LicenseID to value 2758435
Set parameter LicenseID to value 2758435
Set parameter LicenseID to value 2758435
Set parameter LicenseID to value 2758435
Set parameter LicenseID to value 2758435
  round 81 ACCEPT: first-bit rank 898695 -> 898695  total_cost=52 changed=2 hots=4 scale=1
Set parameter LicenseID to value 2758435
Set parameter LicenseID to value 2758435
Set parameter LicenseID to value 2758435
Set parameter LicenseID to value 2758435
Set parameter LicenseID to value 2758435
Set parameter LicenseID to value 2758435
Set parameter LicenseID to value 2758435
Set parameter LicenseID to value 2758435
Set parameter LicenseID to value 2758435
Set parameter LicenseID to value 2758435
Set parameter LicenseID to value 2758435
Set parameter LicenseID to value 2758435
Set parameter LicenseID to value 2758435
Set parameter LicenseID to value 2758435
Set parameter LicenseID to value 2758435
Set parameter LicenseID to value 2758435
Set parameter LicenseID to value 2758435
Set parameter LicenseID to value 2758435
Set parameter LicenseID to value 2758435
Set parameter LicenseID to value 2758435
Set parameter LicenseID to value 2758435
Set parameter LicenseID to value 2758435
Set parameter LicenseID to value 2758435
Set parameter LicenseID to value 2758435
Set parameter LicenseID to value 2758435
Set parameter LicenseID to value 2758435
Set parameter LicenseID to value 2758435
Set parameter LicenseID to value 2758435
Set parameter LicenseID to value 2758435
Set parameter LicenseID to value 2758435
  round 86 ACCEPT: first-bit rank 898695 -> 898695  total_cost=49 changed=17 hots=3 scale=1
Set parameter LicenseID to value 2758435
Set parameter LicenseID to value 2758435
Set parameter LicenseID to value 2758435
Set parameter LicenseID to value 2758435
Set parameter LicenseID to value 2758435
Set parameter LicenseID to value 2758435
Set parameter LicenseID to value 2758435
Set parameter LicenseID to value 2758435
Set parameter LicenseID to value 2758435
Set parameter LicenseID to value 2758435
Set parameter LicenseID to value 2758435
Set parameter LicenseID to value 2758435
Set parameter LicenseID to value 2758435
Set parameter LicenseID to value 2758435
Set parameter LicenseID to value 2758435
Set parameter LicenseID to value 2758435
Set parameter LicenseID to value 2758435
Set parameter LicenseID to value 2758435
Set parameter LicenseID to value 2758435
Set parameter LicenseID to value 2758435
Set parameter LicenseID to value 2758435
Set parameter LicenseID to value 2758435
Set parameter LicenseID to value 2758435
Set parameter LicenseID to value 2758435
Set parameter LicenseID to value 2758435
Set parameter LicenseID to value 2758435
Set parameter LicenseID to value 2758435
Set parameter LicenseID to value 2758435
Set parameter LicenseID to value 2758435
Set parameter LicenseID to value 2758435
Set parameter LicenseID to value 2758435
Set parameter LicenseID to value 2758435
Set parameter LicenseID to value 2758435
Set parameter LicenseID to value 2758435
Set parameter LicenseID to value 2758435
Set parameter LicenseID to value 2758435
Set parameter LicenseID to value 2758435
Set parameter LicenseID to value 2758435
Set parameter LicenseID to value 2758435
Set parameter LicenseID to value 2758435
Set parameter LicenseID to value 2758435
Set parameter LicenseID to value 2758435
Set parameter LicenseID to value 2758435
Set parameter LicenseID to value 2758435
Set parameter LicenseID to value 2758435
Set parameter LicenseID to value 2758435
Set parameter LicenseID to value 2758435
Set parameter LicenseID to value 2758435
Set parameter LicenseID to value 2758435
Set parameter LicenseID to value 2758435
Set parameter LicenseID to value 2758435
Set parameter LicenseID to value 2758435
Set parameter LicenseID to value 2758435
Set parameter LicenseID to value 2758435
Set parameter LicenseID to value 2758435
Set parameter LicenseID to value 2758435
Set parameter LicenseID to value 2758435
Set parameter LicenseID to value 2758435
Set parameter LicenseID to value 2758435
Set parameter LicenseID to value 2758435
Set parameter LicenseID to value 2758435
Set parameter LicenseID to value 2758435
Set parameter LicenseID to value 2758435
Set parameter LicenseID to value 2758435
Set parameter LicenseID to value 2758435
Set parameter LicenseID to value 2758435
Set parameter LicenseID to value 2758435
Set parameter LicenseID to value 2758435
Set parameter LicenseID to value 2758435
Set parameter LicenseID to value 2758435
Set parameter LicenseID to value 2758435
Set parameter LicenseID to value 2758435
Set parameter LicenseID to value 2758435
Set parameter LicenseID to value 2758435
Set parameter LicenseID to value 2758435
Set parameter LicenseID to value 2758435
Set parameter LicenseID to value 2758435
Set parameter LicenseID to value 2758435
  round 99 ACCEPT: first-bit rank 898695 -> 898695  total_cost=49 changed=4 hots=2 scale=1
Set parameter LicenseID to value 2758435
Set parameter LicenseID to value 2758435
Set parameter LicenseID to value 2758435
Set parameter LicenseID to value 2758435
Set parameter LicenseID to value 2758435
Set parameter LicenseID to value 2758435
Set parameter LicenseID to value 2758435
Set parameter LicenseID to value 2758435
Set parameter LicenseID to value 2758435
Set parameter LicenseID to value 2758435
Set parameter LicenseID to value 2758435
Set parameter LicenseID to value 2758435
Set parameter LicenseID to value 2758435
Set parameter LicenseID to value 2758435
Set parameter LicenseID to value 2758435
Set parameter LicenseID to value 2758435
Set parameter LicenseID to value 2758435
Set parameter LicenseID to value 2758435
  round 102 ACCEPT: first-bit rank 898695 -> 898695  total_cost=49 changed=12 hots=2 scale=1
Set parameter LicenseID to value 2758435
Set parameter LicenseID to value 2758435
Set parameter LicenseID to value 2758435
Set parameter LicenseID to value 2758435
Set parameter LicenseID to value 2758435
Set parameter LicenseID to value 2758435
Set parameter LicenseID to value 2758435
Set parameter LicenseID to value 2758435
Set parameter LicenseID to value 2758435
Set parameter LicenseID to value 2758435
Set parameter LicenseID to value 2758435
Set parameter LicenseID to value 2758435
Set parameter LicenseID to value 2758435
Set parameter LicenseID to value 2758435
Set parameter LicenseID to value 2758435
Set parameter LicenseID to value 2758435
Set parameter LicenseID to value 2758435
Set parameter LicenseID to value 2758435
  round 105 ACCEPT: first-bit rank 898695 -> 898695  total_cost=49 changed=2 hots=2 scale=1
Set parameter LicenseID to value 2758435
Set parameter LicenseID to value 2758435
Set parameter LicenseID to value 2758435
Set parameter LicenseID to value 2758435
Set parameter LicenseID to value 2758435
Set parameter LicenseID to value 2758435
Set parameter LicenseID to value 2758435
Set parameter LicenseID to value 2758435
Set parameter LicenseID to value 2758435
Set parameter LicenseID to value 2758435
Set parameter LicenseID to value 2758435
Set parameter LicenseID to value 2758435
Set parameter LicenseID to value 2758435
Set parameter LicenseID to value 2758435
Set parameter LicenseID to value 2758435
Set parameter LicenseID to value 2758435
Set parameter LicenseID to value 2758435
Set parameter LicenseID to value 2758435
  round 108 ACCEPT: first-bit rank 898695 -> 898695  total_cost=49 changed=2 hots=1 scale=1
Set parameter LicenseID to value 2758435
Set parameter LicenseID to value 2758435
Set parameter LicenseID to value 2758435
Set parameter LicenseID to value 2758435
Set parameter LicenseID to value 2758435
Set parameter LicenseID to value 2758435
  round 109 ACCEPT: first-bit rank 898695 -> 898695  total_cost=49 changed=6 hots=1 scale=1
Set parameter LicenseID to value 2758435
Set parameter LicenseID to value 2758435
Set parameter LicenseID to value 2758435
Set parameter LicenseID to value 2758435
Set parameter LicenseID to value 2758435
Set parameter LicenseID to value 2758435
  round 110 ACCEPT: first-bit rank 898695 -> 898695  total_cost=52 changed=1 hots=1 scale=1
Set parameter LicenseID to value 2758435
Set parameter LicenseID to value 2758435
Set parameter LicenseID to value 2758435
Set parameter LicenseID to value 2758435
Set parameter LicenseID to value 2758435
Set parameter LicenseID to value 2758435
Set parameter LicenseID to value 2758435
Set parameter LicenseID to value 2758435
Set parameter LicenseID to value 2758435
Set parameter LicenseID to value 2758435
Set parameter LicenseID to value 2758435
Set parameter LicenseID to value 2758435
Set parameter LicenseID to value 2758435
Set parameter LicenseID to value 2758435
Set parameter LicenseID to value 2758435
Set parameter LicenseID to value 2758435
Set parameter LicenseID to value 2758435
Set parameter LicenseID to value 2758435
  round 113 ACCEPT: first-bit rank 898695 -> 898695  total_cost=52 changed=2 hots=1 scale=1
Set parameter LicenseID to value 2758435
Set parameter LicenseID to value 2758435
Set parameter LicenseID to value 2758435
Set parameter LicenseID to value 2758435
Set parameter LicenseID to value 2758435
Set parameter LicenseID to value 2758435
  round 114 ACCEPT: first-bit rank 898695 -> 898695  total_cost=52 changed=2 hots=1 scale=1
Set parameter LicenseID to value 2758435
Set parameter LicenseID to value 2758435
Set parameter LicenseID to value 2758435
Set parameter LicenseID to value 2758435
Set parameter LicenseID to value 2758435
Set parameter LicenseID to value 2758435
Set parameter LicenseID to value 2758435
Set parameter LicenseID to value 2758435
Set parameter LicenseID to value 2758435
Set parameter LicenseID to value 2758435
Set parameter LicenseID to value 2758435
Set parameter LicenseID to value 2758435
Set parameter LicenseID to value 2758435
Set parameter LicenseID to value 2758435
Set parameter LicenseID to value 2758435
Set parameter LicenseID to value 2758435
Set parameter LicenseID to value 2758435
Set parameter LicenseID to value 2758435
Set parameter LicenseID to value 2758435
Set parameter LicenseID to value 2758435
Set parameter LicenseID to value 2758435
Set parameter LicenseID to value 2758435
Set parameter LicenseID to value 2758435
Set parameter LicenseID to value 2758435
Set parameter LicenseID to value 2758435
Set parameter LicenseID to value 2758435
Set parameter LicenseID to value 2758435
Set parameter LicenseID to value 2758435
Set parameter LicenseID to value 2758435
Set parameter LicenseID to value 2758435
Set parameter LicenseID to value 2758435
Set parameter LicenseID to value 2758435
Set parameter LicenseID to value 2758435
Set parameter LicenseID to value 2758435
Set parameter LicenseID to value 2758435
Set parameter LicenseID to value 2758435
Set parameter LicenseID to value 2758435
Set parameter LicenseID to value 2758435
Set parameter LicenseID to value 2758435
Set parameter LicenseID to value 2758435
Set parameter LicenseID to value 2758435
Set parameter LicenseID to value 2758435
Set parameter LicenseID to value 2758435
Set parameter LicenseID to value 2758435
Set parameter LicenseID to value 2758435
Set parameter LicenseID to value 2758435
Set parameter LicenseID to value 2758435
Set parameter LicenseID to value 2758435
Set parameter LicenseID to value 2758435
Set parameter LicenseID to value 2758435
Set parameter LicenseID to value 2758435
Set parameter LicenseID to value 2758435
Set parameter LicenseID to value 2758435
Set parameter LicenseID to value 2758435
Set parameter LicenseID to value 2758435
Set parameter LicenseID to value 2758435
Set parameter LicenseID to value 2758435
Set parameter LicenseID to value 2758435
Set parameter LicenseID to value 2758435
Set parameter LicenseID to value 2758435
Set parameter LicenseID to value 2758435
Set parameter LicenseID to value 2758435
Set parameter LicenseID to value 2758435
Set parameter LicenseID to value 2758435
Set parameter LicenseID to value 2758435
Set parameter LicenseID to value 2758435
Set parameter LicenseID to value 2758435
Set parameter LicenseID to value 2758435
Set parameter LicenseID to value 2758435
Set parameter LicenseID to value 2758435
Set parameter LicenseID to value 2758435
Set parameter LicenseID to value 2758435
Set parameter LicenseID to value 2758435
Set parameter LicenseID to value 2758435
Set parameter LicenseID to value 2758435
Set parameter LicenseID to value 2758435
Set parameter LicenseID to value 2758435
Set parameter LicenseID to value 2758435
Set parameter LicenseID to value 2758435
Set parameter LicenseID to value 2758435
Set parameter LicenseID to value 2758435
Set parameter LicenseID to value 2758435
Set parameter LicenseID to value 2758435
Set parameter LicenseID to value 2758435
Set parameter LicenseID to value 2758435
Set parameter LicenseID to value 2758435
Set parameter LicenseID to value 2758435
Set parameter LicenseID to value 2758435
Set parameter LicenseID to value 2758435
Set parameter LicenseID to value 2758435
Set parameter LicenseID to value 2758435
Set parameter LicenseID to value 2758435
Set parameter LicenseID to value 2758435
Set parameter LicenseID to value 2758435
Set parameter LicenseID to value 2758435
Set parameter LicenseID to value 2758435
Set parameter LicenseID to value 2758435
Set parameter LicenseID to value 2758435
Set parameter LicenseID to value 2758435
Set parameter LicenseID to value 2758435
Set parameter LicenseID to value 2758435
Set parameter LicenseID to value 2758435
Set parameter LicenseID to value 2758435
Set parameter LicenseID to value 2758435
Set parameter LicenseID to value 2758435
Set parameter LicenseID to value 2758435
Set parameter LicenseID to value 2758435
Set parameter LicenseID to value 2758435
Set parameter LicenseID to value 2758435
Set parameter LicenseID to value 2758435
Set parameter LicenseID to value 2758435
Set parameter LicenseID to value 2758435
Set parameter LicenseID to value 2758435
Set parameter LicenseID to value 2758435
Set parameter LicenseID to value 2758435
Set parameter LicenseID to value 2758435
Set parameter LicenseID to value 2758435
Set parameter LicenseID to value 2758435
Set parameter LicenseID to value 2758435
Set parameter LicenseID to value 2758435
Set parameter LicenseID to value 2758435
Set parameter LicenseID to value 2758435
Set parameter LicenseID to value 2758435
Set parameter LicenseID to value 2758435
Set parameter LicenseID to value 2758435
Set parameter LicenseID to value 2758435
Set parameter LicenseID to value 2758435
Set parameter LicenseID to value 2758435
Set parameter LicenseID to value 2758435
Set parameter LicenseID to value 2758435
Set parameter LicenseID to value 2758435
Set parameter LicenseID to value 2758435
Set parameter LicenseID to value 2758435
Set parameter LicenseID to value 2758435
Set parameter LicenseID to value 2758435
Set parameter LicenseID to value 2758435
Set parameter LicenseID to value 2758435
Set parameter LicenseID to value 2758435
Set parameter LicenseID to value 2758435
Set parameter LicenseID to value 2758435
Set parameter LicenseID to value 2758435
Set parameter LicenseID to value 2758435
Set parameter LicenseID to value 2758435
Set parameter LicenseID to value 2758435
Set parameter LicenseID to value 2758435
Set parameter LicenseID to value 2758435
Set parameter LicenseID to value 2758435
Set parameter LicenseID to value 2758435
Set parameter LicenseID to value 2758435
Set parameter LicenseID to value 2758435
Set parameter LicenseID to value 2758435
Set parameter LicenseID to value 2758435
Set parameter LicenseID to value 2758435
Set parameter LicenseID to value 2758435
Set parameter LicenseID to value 2758435
Set parameter LicenseID to value 2758435
Set parameter LicenseID to value 2758435
Set parameter LicenseID to value 2758435
Set parameter LicenseID to value 2758435
Set parameter LicenseID to value 2758435
Set parameter LicenseID to value 2758435
Set parameter LicenseID to value 2758435
Set parameter LicenseID to value 2758435
Set parameter LicenseID to value 2758435
Set parameter LicenseID to value 2758435
Set parameter LicenseID to value 2758435
Set parameter LicenseID to value 2758435
Set parameter LicenseID to value 2758435
Set parameter LicenseID to value 2758435
Set parameter LicenseID to value 2758435
Set parameter LicenseID to value 2758435
Set parameter LicenseID to value 2758435
Set parameter LicenseID to value 2758435
Set parameter LicenseID to value 2758435
Set parameter LicenseID to value 2758435
Set parameter LicenseID to value 2758435
Set parameter LicenseID to value 2758435
Set parameter LicenseID to value 2758435
Set parameter LicenseID to value 2758435
Set parameter LicenseID to value 2758435
Set parameter LicenseID to value 2758435
Set parameter LicenseID to value 2758435
Set parameter LicenseID to value 2758435
Set parameter LicenseID to value 2758435
Set parameter LicenseID to value 2758435
Set parameter LicenseID to value 2758435
Set parameter LicenseID to value 2758435
Set parameter LicenseID to value 2758435
Set parameter LicenseID to value 2758435
Set parameter LicenseID to value 2758435
Set parameter LicenseID to value 2758435
Set parameter LicenseID to value 2758435
Set parameter LicenseID to value 2758435
Set parameter LicenseID to value 2758435
Set parameter LicenseID to value 2758435
Set parameter LicenseID to value 2758435
Set parameter LicenseID to value 2758435
Set parameter LicenseID to value 2758435
Set parameter LicenseID to value 2758435
Set parameter LicenseID to value 2758435
Set parameter LicenseID to value 2758435
Set parameter LicenseID to value 2758435
Set parameter LicenseID to value 2758435
Set parameter LicenseID to value 2758435
Set parameter LicenseID to value 2758435
Set parameter LicenseID to value 2758435
Set parameter LicenseID to value 2758435
Set parameter LicenseID to value 2758435
Set parameter LicenseID to value 2758435
Set parameter LicenseID to value 2758435
  round 150 ACCEPT: first-bit rank 898695 -> 898695  total_cost=52 changed=4 hots=1 scale=1
Set parameter LicenseID to value 2758435
Set parameter LicenseID to value 2758435
Set parameter LicenseID to value 2758435
Set parameter LicenseID to value 2758435
Set parameter LicenseID to value 2758435
Set parameter LicenseID to value 2758435
Set parameter LicenseID to value 2758435
Set parameter LicenseID to value 2758435
Set parameter LicenseID to value 2758435
Set parameter LicenseID to value 2758435
Set parameter LicenseID to value 2758435
Set parameter LicenseID to value 2758435
Set parameter LicenseID to value 2758435
Set parameter LicenseID to value 2758435
Set parameter LicenseID to value 2758435
Set parameter LicenseID to value 2758435
Set parameter LicenseID to value 2758435
Set parameter LicenseID to value 2758435
Set parameter LicenseID to value 2758435
Set parameter LicenseID to value 2758435
Set parameter LicenseID to value 2758435
Set parameter LicenseID to value 2758435
Set parameter LicenseID to value 2758435
Set parameter LicenseID to value 2758435
Set parameter LicenseID to value 2758435
Set parameter LicenseID to value 2758435
Set parameter LicenseID to value 2758435
Set parameter LicenseID to value 2758435
Set parameter LicenseID to value 2758435
Set parameter LicenseID to value 2758435
Set parameter LicenseID to value 2758435
Set parameter LicenseID to value 2758435
Set parameter LicenseID to value 2758435
Set parameter LicenseID to value 2758435
Set parameter LicenseID to value 2758435
Set parameter LicenseID to value 2758435
Set parameter LicenseID to value 2758435
Set parameter LicenseID to value 2758435
Set parameter LicenseID to value 2758435
Set parameter LicenseID to value 2758435
Set parameter LicenseID to value 2758435
Set parameter LicenseID to value 2758435
Set parameter LicenseID to value 2758435
Set parameter LicenseID to value 2758435
Set parameter LicenseID to value 2758435
Set parameter LicenseID to value 2758435
Set parameter LicenseID to value 2758435
Set parameter LicenseID to value 2758435
Set parameter LicenseID to value 2758435
Set parameter LicenseID to value 2758435
Set parameter LicenseID to value 2758435
Set parameter LicenseID to value 2758435
Set parameter LicenseID to value 2758435
Set parameter LicenseID to value 2758435
Set parameter LicenseID to value 2758435
Set parameter LicenseID to value 2758435
Set parameter LicenseID to value 2758435
Set parameter LicenseID to value 2758435
Set parameter LicenseID to value 2758435
Set parameter LicenseID to value 2758435
Set parameter LicenseID to value 2758435
Set parameter LicenseID to value 2758435
Set parameter LicenseID to value 2758435
Set parameter LicenseID to value 2758435
Set parameter LicenseID to value 2758435
Set parameter LicenseID to value 2758435
Set parameter LicenseID to value 2758435
Set parameter LicenseID to value 2758435
Set parameter LicenseID to value 2758435
Set parameter LicenseID to value 2758435
Set parameter LicenseID to value 2758435
Set parameter LicenseID to value 2758435
Set parameter LicenseID to value 2758435
Set parameter LicenseID to value 2758435
Set parameter LicenseID to value 2758435
Set parameter LicenseID to value 2758435
Set parameter LicenseID to value 2758435
Set parameter LicenseID to value 2758435
Set parameter LicenseID to value 2758435
Set parameter LicenseID to value 2758435
Set parameter LicenseID to value 2758435
Set parameter LicenseID to value 2758435
Set parameter LicenseID to value 2758435
Set parameter LicenseID to value 2758435
Set parameter LicenseID to value 2758435
Set parameter LicenseID to value 2758435
Set parameter LicenseID to value 2758435
Set parameter LicenseID to value 2758435
Set parameter LicenseID to value 2758435
Set parameter LicenseID to value 2758435
Set parameter LicenseID to value 2758435
Set parameter LicenseID to value 2758435
Set parameter LicenseID to value 2758435
Set parameter LicenseID to value 2758435
Set parameter LicenseID to value 2758435
Set parameter LicenseID to value 2758435
Set parameter LicenseID to value 2758435
Set parameter LicenseID to value 2758435
Set parameter LicenseID to value 2758435
Set parameter LicenseID to value 2758435
Set parameter LicenseID to value 2758435
Set parameter LicenseID to value 2758435
Set parameter LicenseID to value 2758435
Set parameter LicenseID to value 2758435
Set parameter LicenseID to value 2758435
Set parameter LicenseID to value 2758435
Set parameter LicenseID to value 2758435
Set parameter LicenseID to value 2758435
Set parameter LicenseID to value 2758435
Set parameter LicenseID to value 2758435
Set parameter LicenseID to value 2758435
Set parameter LicenseID to value 2758435
Set parameter LicenseID to value 2758435
Set parameter LicenseID to value 2758435
Set parameter LicenseID to value 2758435
Set parameter LicenseID to value 2758435
Set parameter LicenseID to value 2758435
Set parameter LicenseID to value 2758435
Set parameter LicenseID to value 2758435
Set parameter LicenseID to value 2758435
Set parameter LicenseID to value 2758435
Set parameter LicenseID to value 2758435
Set parameter LicenseID to value 2758435
Set parameter LicenseID to value 2758435
Set parameter LicenseID to value 2758435
Set parameter LicenseID to value 2758435
  round 171 ACCEPT: first-bit rank 898695 -> 898695  total_cost=52 changed=2 hots=1 scale=1
Set parameter LicenseID to value 2758435
Set parameter LicenseID to value 2758435
Set parameter LicenseID to value 2758435
Set parameter LicenseID to value 2758435
Set parameter LicenseID to value 2758435
Set parameter LicenseID to value 2758435
Set parameter LicenseID to value 2758435
Set parameter LicenseID to value 2758435
Set parameter LicenseID to value 2758435
Set parameter LicenseID to value 2758435
Set parameter LicenseID to value 2758435
Set parameter LicenseID to value 2758435
Set parameter LicenseID to value 2758435
Set parameter LicenseID to value 2758435
Set parameter LicenseID to value 2758435
Set parameter LicenseID to value 2758435
Set parameter LicenseID to value 2758435
Set parameter LicenseID to value 2758435
Set parameter LicenseID to value 2758435
Set parameter LicenseID to value 2758435
Set parameter LicenseID to value 2758435
Set parameter LicenseID to value 2758435
Set parameter LicenseID to value 2758435
Set parameter LicenseID to value 2758435
Set parameter LicenseID to value 2758435
Set parameter LicenseID to value 2758435
Set parameter LicenseID to value 2758435
Set parameter LicenseID to value 2758435
Set parameter LicenseID to value 2758435
Set parameter LicenseID to value 2758435
Set parameter LicenseID to value 2758435
Set parameter LicenseID to value 2758435
Set parameter LicenseID to value 2758435
Set parameter LicenseID to value 2758435
Set parameter LicenseID to value 2758435
Set parameter LicenseID to value 2758435
Set parameter LicenseID to value 2758435
Set parameter LicenseID to value 2758435
Set parameter LicenseID to value 2758435
Set parameter LicenseID to value 2758435
Set parameter LicenseID to value 2758435
Set parameter LicenseID to value 2758435
Set parameter LicenseID to value 2758435
Set parameter LicenseID to value 2758435
Set parameter LicenseID to value 2758435
Set parameter LicenseID to value 2758435
Set parameter LicenseID to value 2758435
Set parameter LicenseID to value 2758435
Set parameter LicenseID to value 2758435
Set parameter LicenseID to value 2758435
Set parameter LicenseID to value 2758435
Set parameter LicenseID to value 2758435
Set parameter LicenseID to value 2758435
Set parameter LicenseID to value 2758435
Set parameter LicenseID to value 2758435
Set parameter LicenseID to value 2758435
Set parameter LicenseID to value 2758435
Set parameter LicenseID to value 2758435
Set parameter LicenseID to value 2758435
Set parameter LicenseID to value 2758435
Set parameter LicenseID to value 2758435
Set parameter LicenseID to value 2758435
Set parameter LicenseID to value 2758435
Set parameter LicenseID to value 2758435
Set parameter LicenseID to value 2758435
Set parameter LicenseID to value 2758435
  round 182 ACCEPT: first-bit rank 898695 -> 898695  total_cost=52 changed=4 hots=1 scale=1
Set parameter LicenseID to value 2758435
Set parameter LicenseID to value 2758435
Set parameter LicenseID to value 2758435
Set parameter LicenseID to value 2758435
Set parameter LicenseID to value 2758435
Set parameter LicenseID to value 2758435
  round 183 ACCEPT: first-bit rank 898695 -> 898695  total_cost=52 changed=2 hots=2 scale=1
Set parameter LicenseID to value 2758435
Set parameter LicenseID to value 2758435
Set parameter LicenseID to value 2758435
Set parameter LicenseID to value 2758435
Set parameter LicenseID to value 2758435
Set parameter LicenseID to value 2758435
Set parameter LicenseID to value 2758435
Set parameter LicenseID to value 2758435
Set parameter LicenseID to value 2758435
Set parameter LicenseID to value 2758435
Set parameter LicenseID to value 2758435
Set parameter LicenseID to value 2758435
Set parameter LicenseID to value 2758435
Set parameter LicenseID to value 2758435
Set parameter LicenseID to value 2758435
Set parameter LicenseID to value 2758435
Set parameter LicenseID to value 2758435
Set parameter LicenseID to value 2758435
Set parameter LicenseID to value 2758435
Set parameter LicenseID to value 2758435
Set parameter LicenseID to value 2758435
Set parameter LicenseID to value 2758435
Set parameter LicenseID to value 2758435
Set parameter LicenseID to value 2758435
Set parameter LicenseID to value 2758435
Set parameter LicenseID to value 2758435
Set parameter LicenseID to value 2758435
Set parameter LicenseID to value 2758435
Set parameter LicenseID to value 2758435
Set parameter LicenseID to value 2758435
  round 188 ACCEPT: first-bit rank 898695 -> 898695  total_cost=52 changed=2 hots=1 scale=1
Set parameter LicenseID to value 2758435
Set parameter LicenseID to value 2758435
Set parameter LicenseID to value 2758435
Set parameter LicenseID to value 2758435
Set parameter LicenseID to value 2758435
Set parameter LicenseID to value 2758435
Set parameter LicenseID to value 2758435
Set parameter LicenseID to value 2758435
Set parameter LicenseID to value 2758435
Set parameter LicenseID to value 2758435
Set parameter LicenseID to value 2758435
Set parameter LicenseID to value 2758435
Set parameter LicenseID to value 2758435
Set parameter LicenseID to value 2758435
Set parameter LicenseID to value 2758435
Set parameter LicenseID to value 2758435
Set parameter LicenseID to value 2758435
Set parameter LicenseID to value 2758435
Set parameter LicenseID to value 2758435
Set parameter LicenseID to value 2758435
Set parameter LicenseID to value 2758435
Set parameter LicenseID to value 2758435
Set parameter LicenseID to value 2758435
Set parameter LicenseID to value 2758435
Set parameter LicenseID to value 2758435
Set parameter LicenseID to value 2758435
Set parameter LicenseID to value 2758435
Set parameter LicenseID to value 2758435
Set parameter LicenseID to value 2758435
Set parameter LicenseID to value 2758435
Set parameter LicenseID to value 2758435
Set parameter LicenseID to value 2758435
Set parameter LicenseID to value 2758435
Set parameter LicenseID to value 2758435
Set parameter LicenseID to value 2758435
Set parameter LicenseID to value 2758435
Set parameter LicenseID to value 2758435
Set parameter LicenseID to value 2758435
Set parameter LicenseID to value 2758435
Set parameter LicenseID to value 2758435
Set parameter LicenseID to value 2758435
Set parameter LicenseID to value 2758435
Set parameter LicenseID to value 2758435
Set parameter LicenseID to value 2758435
Set parameter LicenseID to value 2758435
Set parameter LicenseID to value 2758435
Set parameter LicenseID to value 2758435
Set parameter LicenseID to value 2758435
Set parameter LicenseID to value 2758435
Set parameter LicenseID to value 2758435
Set parameter LicenseID to value 2758435
Set parameter LicenseID to value 2758435
Set parameter LicenseID to value 2758435
Set parameter LicenseID to value 2758435
Set parameter LicenseID to value 2758435
Set parameter LicenseID to value 2758435
Set parameter LicenseID to value 2758435
Set parameter LicenseID to value 2758435
Set parameter LicenseID to value 2758435
Set parameter LicenseID to value 2758435
Set parameter LicenseID to value 2758435
Set parameter LicenseID to value 2758435
Set parameter LicenseID to value 2758435
Set parameter LicenseID to value 2758435
Set parameter LicenseID to value 2758435
Set parameter LicenseID to value 2758435
Set parameter LicenseID to value 2758435
Set parameter LicenseID to value 2758435
Set parameter LicenseID to value 2758435
Set parameter LicenseID to value 2758435
Set parameter LicenseID to value 2758435
Set parameter LicenseID to value 2758435
Set parameter LicenseID to value 2758435
Set parameter LicenseID to value 2758435
Set parameter LicenseID to value 2758435
Set parameter LicenseID to value 2758435
Set parameter LicenseID to value 2758435
Set parameter LicenseID to value 2758435
Set parameter LicenseID to value 2758435
Set parameter LicenseID to value 2758435
Set parameter LicenseID to value 2758435
Set parameter LicenseID to value 2758435
Set parameter LicenseID to value 2758435
Set parameter LicenseID to value 2758435
Set parameter LicenseID to value 2758435
Set parameter LicenseID to value 2758435
Set parameter LicenseID to value 2758435
Set parameter LicenseID to value 2758435
Set parameter LicenseID to value 2758435
Set parameter LicenseID to value 2758435
Set parameter LicenseID to value 2758435
Set parameter LicenseID to value 2758435
Set parameter LicenseID to value 2758435
Set parameter LicenseID to value 2758435
Set parameter LicenseID to value 2758435
Set parameter LicenseID to value 2758435
Set parameter LicenseID to value 2758435
Set parameter LicenseID to value 2758435
Set parameter LicenseID to value 2758435
Set parameter LicenseID to value 2758435
Set parameter LicenseID to value 2758435
Set parameter LicenseID to value 2758435
  round 205 ACCEPT: first-bit rank 898695 -> 898695  total_cost=52 changed=2 hots=1 scale=1
Set parameter LicenseID to value 2758435
Set parameter LicenseID to value 2758435
Set parameter LicenseID to value 2758435
Set parameter LicenseID to value 2758435
Set parameter LicenseID to value 2758435
Set parameter LicenseID to value 2758435
Set parameter LicenseID to value 2758435
Set parameter LicenseID to value 2758435
Set parameter LicenseID to value 2758435
Set parameter LicenseID to value 2758435
Set parameter LicenseID to value 2758435
Set parameter LicenseID to value 2758435
Set parameter LicenseID to value 2758435
Set parameter LicenseID to value 2758435
Set parameter LicenseID to value 2758435
Set parameter LicenseID to value 2758435
Set parameter LicenseID to value 2758435
Set parameter LicenseID to value 2758435
Set parameter LicenseID to value 2758435
Set parameter LicenseID to value 2758435
Set parameter LicenseID to value 2758435
Set parameter LicenseID to value 2758435
Set parameter LicenseID to value 2758435
Set parameter LicenseID to value 2758435
Set parameter LicenseID to value 2758435
Set parameter LicenseID to value 2758435
Set parameter LicenseID to value 2758435
Set parameter LicenseID to value 2758435
Set parameter LicenseID to value 2758435
Set parameter LicenseID to value 2758435
  round 210 ACCEPT: first-bit rank 898695 -> 898695  total_cost=52 changed=2 hots=1 scale=1
Set parameter LicenseID to value 2758435
Set parameter LicenseID to value 2758435
Set parameter LicenseID to value 2758435
Set parameter LicenseID to value 2758435
Set parameter LicenseID to value 2758435
Set parameter LicenseID to value 2758435
Set parameter LicenseID to value 2758435
Set parameter LicenseID to value 2758435
Set parameter LicenseID to value 2758435
Set parameter LicenseID to value 2758435
Set parameter LicenseID to value 2758435
Set parameter LicenseID to value 2758435
Set parameter LicenseID to value 2758435
Set parameter LicenseID to value 2758435
Set parameter LicenseID to value 2758435
Set parameter LicenseID to value 2758435
Set parameter LicenseID to value 2758435
Set parameter LicenseID to value 2758435
Set parameter LicenseID to value 2758435
Set parameter LicenseID to value 2758435
Set parameter LicenseID to value 2758435
Set parameter LicenseID to value 2758435
Set parameter LicenseID to value 2758435
Set parameter LicenseID to value 2758435
Set parameter LicenseID to value 2758435
Set parameter LicenseID to value 2758435
Set parameter LicenseID to value 2758435
Set parameter LicenseID to value 2758435
Set parameter LicenseID to value 2758435
Set parameter LicenseID to value 2758435
Set parameter LicenseID to value 2758435
Set parameter LicenseID to value 2758435
Set parameter LicenseID to value 2758435
Set parameter LicenseID to value 2758435
Set parameter LicenseID to value 2758435
Set parameter LicenseID to value 2758435
Set parameter LicenseID to value 2758435
Set parameter LicenseID to value 2758435
Set parameter LicenseID to value 2758435
Set parameter LicenseID to value 2758435
Set parameter LicenseID to value 2758435
Set parameter LicenseID to value 2758435
Set parameter LicenseID to value 2758435
Set parameter LicenseID to value 2758435
Set parameter LicenseID to value 2758435
Set parameter LicenseID to value 2758435
Set parameter LicenseID to value 2758435
Set parameter LicenseID to value 2758435
Set parameter LicenseID to value 2758435
Set parameter LicenseID to value 2758435
Set parameter LicenseID to value 2758435
Set parameter LicenseID to value 2758435
Set parameter LicenseID to value 2758435
Set parameter LicenseID to value 2758435
Set parameter LicenseID to value 2758435
Set parameter LicenseID to value 2758435
Set parameter LicenseID to value 2758435
Set parameter LicenseID to value 2758435
Set parameter LicenseID to value 2758435
Set parameter LicenseID to value 2758435
Set parameter LicenseID to value 2758435
Set parameter LicenseID to value 2758435
Set parameter LicenseID to value 2758435
Set parameter LicenseID to value 2758435
Set parameter LicenseID to value 2758435
Set parameter LicenseID to value 2758435
Set parameter LicenseID to value 2758435
Set parameter LicenseID to value 2758435
Set parameter LicenseID to value 2758435
Set parameter LicenseID to value 2758435
Set parameter LicenseID to value 2758435
Set parameter LicenseID to value 2758435
Set parameter LicenseID to value 2758435
Set parameter LicenseID to value 2758435
Set parameter LicenseID to value 2758435
Set parameter LicenseID to value 2758435
Set parameter LicenseID to value 2758435
Set parameter LicenseID to value 2758435
Set parameter LicenseID to value 2758435
Set parameter LicenseID to value 2758435
Set parameter LicenseID to value 2758435
Set parameter LicenseID to value 2758435
Set parameter LicenseID to value 2758435
Set parameter LicenseID to value 2758435
Set parameter LicenseID to value 2758435
Set parameter LicenseID to value 2758435
Set parameter LicenseID to value 2758435
Set parameter LicenseID to value 2758435
Set parameter LicenseID to value 2758435
Set parameter LicenseID to value 2758435
Set parameter LicenseID to value 2758435
Set parameter LicenseID to value 2758435
Set parameter LicenseID to value 2758435
Set parameter LicenseID to value 2758435
Set parameter LicenseID to value 2758435
Set parameter LicenseID to value 2758435
Set parameter LicenseID to value 2758435
Set parameter LicenseID to value 2758435
Set parameter LicenseID to value 2758435
Set parameter LicenseID to value 2758435
Set parameter LicenseID to value 2758435
Set parameter LicenseID to value 2758435
Set parameter LicenseID to value 2758435
Set parameter LicenseID to value 2758435
Set parameter LicenseID to value 2758435
Set parameter LicenseID to value 2758435
Set parameter LicenseID to value 2758435
Set parameter LicenseID to value 2758435
Set parameter LicenseID to value 2758435
Set parameter LicenseID to value 2758435
Set parameter LicenseID to value 2758435
Set parameter LicenseID to value 2758435
Set parameter LicenseID to value 2758435
Set parameter LicenseID to value 2758435
Set parameter LicenseID to value 2758435
Set parameter LicenseID to value 2758435
Set parameter LicenseID to value 2758435
Set parameter LicenseID to value 2758435
Set parameter LicenseID to value 2758435
Set parameter LicenseID to value 2758435
Set parameter LicenseID to value 2758435
Set parameter LicenseID to value 2758435
Set parameter LicenseID to value 2758435
Set parameter LicenseID to value 2758435
Set parameter LicenseID to value 2758435
Set parameter LicenseID to value 2758435
Set parameter LicenseID to value 2758435
Set parameter LicenseID to value 2758435
Set parameter LicenseID to value 2758435
Set parameter LicenseID to value 2758435
Set parameter LicenseID to value 2758435
Set parameter LicenseID to value 2758435
Set parameter LicenseID to value 2758435
Set parameter LicenseID to value 2758435
Set parameter LicenseID to value 2758435
Set parameter LicenseID to value 2758435
Set parameter LicenseID to value 2758435
Set parameter LicenseID to value 2758435
Set parameter LicenseID to value 2758435
Set parameter LicenseID to value 2758435
Set parameter LicenseID to value 2758435
Set parameter LicenseID to value 2758435
Set parameter LicenseID to value 2758435
Set parameter LicenseID to value 2758435
Set parameter LicenseID to value 2758435
Set parameter LicenseID to value 2758435
Set parameter LicenseID to value 2758435
Set parameter LicenseID to value 2758435
Set parameter LicenseID to value 2758435
Set parameter LicenseID to value 2758435
Set parameter LicenseID to value 2758435
Set parameter LicenseID to value 2758435
Set parameter LicenseID to value 2758435
Set parameter LicenseID to value 2758435
Set parameter LicenseID to value 2758435
Set parameter LicenseID to value 2758435
Set parameter LicenseID to value 2758435
Set parameter LicenseID to value 2758435
Set parameter LicenseID to value 2758435
Set parameter LicenseID to value 2758435
Set parameter LicenseID to value 2758435
Set parameter LicenseID to value 2758435
Set parameter LicenseID to value 2758435
Set parameter LicenseID to value 2758435
Set parameter LicenseID to value 2758435
Set parameter LicenseID to value 2758435
Set parameter LicenseID to value 2758435
Set parameter LicenseID to value 2758435
Set parameter LicenseID to value 2758435
Set parameter LicenseID to value 2758435
Set parameter LicenseID to value 2758435
Set parameter LicenseID to value 2758435
Set parameter LicenseID to value 2758435
Set parameter LicenseID to value 2758435
Set parameter LicenseID to value 2758435
Set parameter LicenseID to value 2758435
Set parameter LicenseID to value 2758435
Set parameter LicenseID to value 2758435
Set parameter LicenseID to value 2758435
Set parameter LicenseID to value 2758435
Set parameter LicenseID to value 2758435
Set parameter LicenseID to value 2758435
Set parameter LicenseID to value 2758435
Set parameter LicenseID to value 2758435
Set parameter LicenseID to value 2758435
Set parameter LicenseID to value 2758435
  round 242 ACCEPT: first-bit rank 898695 -> 898695  total_cost=52 changed=6 hots=2 scale=1
Set parameter LicenseID to value 2758435
Set parameter LicenseID to value 2758435
Set parameter LicenseID to value 2758435
Set parameter LicenseID to value 2758435
Set parameter LicenseID to value 2758435
Set parameter LicenseID to value 2758435
Set parameter LicenseID to value 2758435
Set parameter LicenseID to value 2758435
Set parameter LicenseID to value 2758435
Set parameter LicenseID to value 2758435
Set parameter LicenseID to value 2758435
Set parameter LicenseID to value 2758435
Set parameter LicenseID to value 2758435
Set parameter LicenseID to value 2758435
Set parameter LicenseID to value 2758435
Set parameter LicenseID to value 2758435
Set parameter LicenseID to value 2758435
Set parameter LicenseID to value 2758435
Set parameter LicenseID to value 2758435
Set parameter LicenseID to value 2758435
Set parameter LicenseID to value 2758435
Set parameter LicenseID to value 2758435
Set parameter LicenseID to value 2758435
Set parameter LicenseID to value 2758435
Set parameter LicenseID to value 2758435
Set parameter LicenseID to value 2758435
Set parameter LicenseID to value 2758435
Set parameter LicenseID to value 2758435
Set parameter LicenseID to value 2758435
Set parameter LicenseID to value 2758435
  round 247 ACCEPT: first-bit rank 898695 -> 898695  total_cost=52 changed=4 hots=2 scale=1
Set parameter LicenseID to value 2758435
Set parameter LicenseID to value 2758435
Set parameter LicenseID to value 2758435
Set parameter LicenseID to value 2758435
Set parameter LicenseID to value 2758435
Set parameter LicenseID to value 2758435
Set parameter LicenseID to value 2758435
Set parameter LicenseID to value 2758435
Set parameter LicenseID to value 2758435
Set parameter LicenseID to value 2758435
Set parameter LicenseID to value 2758435
Set parameter LicenseID to value 2758435
Set parameter LicenseID to value 2758435
Set parameter LicenseID to value 2758435
Set parameter LicenseID to value 2758435
Set parameter LicenseID to value 2758435
Set parameter LicenseID to value 2758435
Set parameter LicenseID to value 2758435
Set parameter LicenseID to value 2758435
Set parameter LicenseID to value 2758435
Set parameter LicenseID to value 2758435
Set parameter LicenseID to value 2758435
Set parameter LicenseID to value 2758435
Set parameter LicenseID to value 2758435
Set parameter LicenseID to value 2758435
Set parameter LicenseID to value 2758435
Set parameter LicenseID to value 2758435
Set parameter LicenseID to value 2758435
Set parameter LicenseID to value 2758435
Set parameter LicenseID to value 2758435
Set parameter LicenseID to value 2758435
Set parameter LicenseID to value 2758435
Set parameter LicenseID to value 2758435
Set parameter LicenseID to value 2758435
Set parameter LicenseID to value 2758435
Set parameter LicenseID to value 2758435
Set parameter LicenseID to value 2758435
Set parameter LicenseID to value 2758435
Set parameter LicenseID to value 2758435
Set parameter LicenseID to value 2758435
Set parameter LicenseID to value 2758435
Set parameter LicenseID to value 2758435
Set parameter LicenseID to value 2758435
Set parameter LicenseID to value 2758435
Set parameter LicenseID to value 2758435
Set parameter LicenseID to value 2758435
Set parameter LicenseID to value 2758435
Set parameter LicenseID to value 2758435
Set parameter LicenseID to value 2758435
Set parameter LicenseID to value 2758435
Set parameter LicenseID to value 2758435
Set parameter LicenseID to value 2758435
Set parameter LicenseID to value 2758435
Set parameter LicenseID to value 2758435
Set parameter LicenseID to value 2758435
Set parameter LicenseID to value 2758435
Set parameter LicenseID to value 2758435
Set parameter LicenseID to value 2758435
Set parameter LicenseID to value 2758435
Set parameter LicenseID to value 2758435
Set parameter LicenseID to value 2758435
Set parameter LicenseID to value 2758435
Set parameter LicenseID to value 2758435
Set parameter LicenseID to value 2758435
Set parameter LicenseID to value 2758435
Set parameter LicenseID to value 2758435
  round 258 ACCEPT: first-bit rank 898695 -> 898695  total_cost=52 changed=8 hots=2 scale=1
Set parameter LicenseID to value 2758435
Set parameter LicenseID to value 2758435
Set parameter LicenseID to value 2758435
Set parameter LicenseID to value 2758435
Set parameter LicenseID to value 2758435
Set parameter LicenseID to value 2758435
Set parameter LicenseID to value 2758435
Set parameter LicenseID to value 2758435
Set parameter LicenseID to value 2758435
Set parameter LicenseID to value 2758435
Set parameter LicenseID to value 2758435
Set parameter LicenseID to value 2758435
Set parameter LicenseID to value 2758435
Set parameter LicenseID to value 2758435
Set parameter LicenseID to value 2758435
Set parameter LicenseID to value 2758435
Set parameter LicenseID to value 2758435
Set parameter LicenseID to value 2758435
  round 261 ACCEPT: first-bit rank 898695 -> 898695  total_cost=52 changed=10 hots=2 scale=1
Set parameter LicenseID to value 2758435
Set parameter LicenseID to value 2758435
Set parameter LicenseID to value 2758435
Set parameter LicenseID to value 2758435
Set parameter LicenseID to value 2758435
Set parameter LicenseID to value 2758435
  round 262 ACCEPT: first-bit rank 898695 -> 898695  total_cost=52 changed=4 hots=3 scale=1
Set parameter LicenseID to value 2758435
Set parameter LicenseID to value 2758435
Set parameter LicenseID to value 2758435
Set parameter LicenseID to value 2758435
Set parameter LicenseID to value 2758435
Set parameter LicenseID to value 2758435
Set parameter LicenseID to value 2758435
Set parameter LicenseID to value 2758435
Set parameter LicenseID to value 2758435
Set parameter LicenseID to value 2758435
Set parameter LicenseID to value 2758435
Set parameter LicenseID to value 2758435
Set parameter LicenseID to value 2758435
Set parameter LicenseID to value 2758435
Set parameter LicenseID to value 2758435
Set parameter LicenseID to value 2758435
Set parameter LicenseID to value 2758435
Set parameter LicenseID to value 2758435
Set parameter LicenseID to value 2758435
Set parameter LicenseID to value 2758435
Set parameter LicenseID to value 2758435
Set parameter LicenseID to value 2758435
Set parameter LicenseID to value 2758435
Set parameter LicenseID to value 2758435
Set parameter LicenseID to value 2758435
Set parameter LicenseID to value 2758435
Set parameter LicenseID to value 2758435
Set parameter LicenseID to value 2758435
Set parameter LicenseID to value 2758435
Set parameter LicenseID to value 2758435
Set parameter LicenseID to value 2758435
Set parameter LicenseID to value 2758435
Set parameter LicenseID to value 2758435
Set parameter LicenseID to value 2758435
Set parameter LicenseID to value 2758435
Set parameter LicenseID to value 2758435
Set parameter LicenseID to value 2758435
Set parameter LicenseID to value 2758435
Set parameter LicenseID to value 2758435
Set parameter LicenseID to value 2758435
Set parameter LicenseID to value 2758435
Set parameter LicenseID to value 2758435
  round 269 ACCEPT: first-bit rank 898695 -> 898695  total_cost=52 changed=6 hots=2 scale=1
Set parameter LicenseID to value 2758435
Set parameter LicenseID to value 2758435
Set parameter LicenseID to value 2758435
Set parameter LicenseID to value 2758435
Set parameter LicenseID to value 2758435
Set parameter LicenseID to value 2758435
Set parameter LicenseID to value 2758435
Set parameter LicenseID to value 2758435
Set parameter LicenseID to value 2758435
Set parameter LicenseID to value 2758435
Set parameter LicenseID to value 2758435
Set parameter LicenseID to value 2758435
Set parameter LicenseID to value 2758435
Set parameter LicenseID to value 2758435
Set parameter LicenseID to value 2758435
Set parameter LicenseID to value 2758435
Set parameter LicenseID to value 2758435
Set parameter LicenseID to value 2758435
Set parameter LicenseID to value 2758435
Set parameter LicenseID to value 2758435
Set parameter LicenseID to value 2758435
Set parameter LicenseID to value 2758435
Set parameter LicenseID to value 2758435
Set parameter LicenseID to value 2758435
Set parameter LicenseID to value 2758435
Set parameter LicenseID to value 2758435
Set parameter LicenseID to value 2758435
Set parameter LicenseID to value 2758435
Set parameter LicenseID to value 2758435
Set parameter LicenseID to value 2758435
Set parameter LicenseID to value 2758435
Set parameter LicenseID to value 2758435
Set parameter LicenseID to value 2758435
Set parameter LicenseID to value 2758435
Set parameter LicenseID to value 2758435
Set parameter LicenseID to value 2758435
Set parameter LicenseID to value 2758435
Set parameter LicenseID to value 2758435
Set parameter LicenseID to value 2758435
Set parameter LicenseID to value 2758435
Set parameter LicenseID to value 2758435
Set parameter LicenseID to value 2758435
  round 276 ACCEPT: first-bit rank 898695 -> 898695  total_cost=52 changed=2 hots=1 scale=1
Set parameter LicenseID to value 2758435
Set parameter LicenseID to value 2758435
Set parameter LicenseID to value 2758435
Set parameter LicenseID to value 2758435
Set parameter LicenseID to value 2758435
Set parameter LicenseID to value 2758435
Set parameter LicenseID to value 2758435
Set parameter LicenseID to value 2758435
Set parameter LicenseID to value 2758435
Set parameter LicenseID to value 2758435
Set parameter LicenseID to value 2758435
Set parameter LicenseID to value 2758435
Set parameter LicenseID to value 2758435
Set parameter LicenseID to value 2758435
Set parameter LicenseID to value 2758435
Set parameter LicenseID to value 2758435
Set parameter LicenseID to value 2758435
Set parameter LicenseID to value 2758435
Set parameter LicenseID to value 2758435
Set parameter LicenseID to value 2758435
Set parameter LicenseID to value 2758435
Set parameter LicenseID to value 2758435
Set parameter LicenseID to value 2758435
Set parameter LicenseID to value 2758435
Set parameter LicenseID to value 2758435
Set parameter LicenseID to value 2758435
Set parameter LicenseID to value 2758435
Set parameter LicenseID to value 2758435
Set parameter LicenseID to value 2758435
Set parameter LicenseID to value 2758435
Set parameter LicenseID to value 2758435
Set parameter LicenseID to value 2758435
Set parameter LicenseID to value 2758435
Set parameter LicenseID to value 2758435
Set parameter LicenseID to value 2758435
Set parameter LicenseID to value 2758435
Set parameter LicenseID to value 2758435
Set parameter LicenseID to value 2758435
Set parameter LicenseID to value 2758435
Set parameter LicenseID to value 2758435
Set parameter LicenseID to value 2758435
Set parameter LicenseID to value 2758435
Set parameter LicenseID to value 2758435
Set parameter LicenseID to value 2758435
Set parameter LicenseID to value 2758435
Set parameter LicenseID to value 2758435
Set parameter LicenseID to value 2758435
Set parameter LicenseID to value 2758435
Set parameter LicenseID to value 2758435
Set parameter LicenseID to value 2758435
Set parameter LicenseID to value 2758435
Set parameter LicenseID to value 2758435
Set parameter LicenseID to value 2758435
Set parameter LicenseID to value 2758435
  round 286 ACCEPT: first-bit rank 898695 -> 898695  total_cost=52 changed=4 hots=1 scale=1
Set parameter LicenseID to value 2758435
Set parameter LicenseID to value 2758435
Set parameter LicenseID to value 2758435
Set parameter LicenseID to value 2758435
Set parameter LicenseID to value 2758435
Set parameter LicenseID to value 2758435
Set parameter LicenseID to value 2758435
Set parameter LicenseID to value 2758435
Set parameter LicenseID to value 2758435
Set parameter LicenseID to value 2758435
Set parameter LicenseID to value 2758435
Set parameter LicenseID to value 2758435
Set parameter LicenseID to value 2758435
Set parameter LicenseID to value 2758435
Set parameter LicenseID to value 2758435
Set parameter LicenseID to value 2758435
Set parameter LicenseID to value 2758435
Set parameter LicenseID to value 2758435
Set parameter LicenseID to value 2758435
Set parameter LicenseID to value 2758435
Set parameter LicenseID to value 2758435
Set parameter LicenseID to value 2758435
Set parameter LicenseID to value 2758435
Set parameter LicenseID to value 2758435
Set parameter LicenseID to value 2758435
Set parameter LicenseID to value 2758435
Set parameter LicenseID to value 2758435
Set parameter LicenseID to value 2758435
Set parameter LicenseID to value 2758435
Set parameter LicenseID to value 2758435
  round 292 ACCEPT: first-bit rank 898695 -> 898695  total_cost=52 changed=6 hots=5 scale=1
Set parameter LicenseID to value 2758435
Set parameter LicenseID to value 2758435
Set parameter LicenseID to value 2758435
Set parameter LicenseID to value 2758435
Set parameter LicenseID to value 2758435
Set parameter LicenseID to value 2758435
  round 293 ACCEPT: first-bit rank 898695 -> 898695  total_cost=52 changed=2 hots=5 scale=1
Set parameter LicenseID to value 2758435
Set parameter LicenseID to value 2758435
Set parameter LicenseID to value 2758435
Set parameter LicenseID to value 2758435
Set parameter LicenseID to value 2758435
Set parameter LicenseID to value 2758435
Set parameter LicenseID to value 2758435
Set parameter LicenseID to value 2758435
Set parameter LicenseID to value 2758435
Set parameter LicenseID to value 2758435
Set parameter LicenseID to value 2758435
Set parameter LicenseID to value 2758435
Set parameter LicenseID to value 2758435
Set parameter LicenseID to value 2758435
Set parameter LicenseID to value 2758435
Set parameter LicenseID to value 2758435
Set parameter LicenseID to value 2758435
Set parameter LicenseID to value 2758435
Set parameter LicenseID to value 2758435
Set parameter LicenseID to value 2758435
Set parameter LicenseID to value 2758435
Set parameter LicenseID to value 2758435
Set parameter LicenseID to value 2758435
Set parameter LicenseID to value 2758435
Set parameter LicenseID to value 2758435
Set parameter LicenseID to value 2758435
Set parameter LicenseID to value 2758435
Set parameter LicenseID to value 2758435
Set parameter LicenseID to value 2758435
Set parameter LicenseID to value 2758435
Set parameter LicenseID to value 2758435
Set parameter LicenseID to value 2758435
Set parameter LicenseID to value 2758435
Set parameter LicenseID to value 2758435
Set parameter LicenseID to value 2758435
Set parameter LicenseID to value 2758435
Set parameter LicenseID to value 2758435
Set parameter LicenseID to value 2758435
Set parameter LicenseID to value 2758435
Set parameter LicenseID to value 2758435
Set parameter LicenseID to value 2758435
Set parameter LicenseID to value 2758435
Set parameter LicenseID to value 2758435
Set parameter LicenseID to value 2758435
Set parameter LicenseID to value 2758435
Set parameter LicenseID to value 2758435
Set parameter LicenseID to value 2758435
Set parameter LicenseID to value 2758435
Set parameter LicenseID to value 2758435
Set parameter LicenseID to value 2758435
Set parameter LicenseID to value 2758435
Set parameter LicenseID to value 2758435
Set parameter LicenseID to value 2758435
Set parameter LicenseID to value 2758435
Set parameter LicenseID to value 2758435
Set parameter LicenseID to value 2758435
Set parameter LicenseID to value 2758435
Set parameter LicenseID to value 2758435
Set parameter LicenseID to value 2758435
Set parameter LicenseID to value 2758435
Set parameter LicenseID to value 2758435
Set parameter LicenseID to value 2758435
Set parameter LicenseID to value 2758435
Set parameter LicenseID to value 2758435
Set parameter LicenseID to value 2758435
Set parameter LicenseID to value 2758435
Set parameter LicenseID to value 2758435
Set parameter LicenseID to value 2758435
Set parameter LicenseID to value 2758435
Set parameter LicenseID to value 2758435
Set parameter LicenseID to value 2758435
Set parameter LicenseID to value 2758435
Set parameter LicenseID to value 2758435
Set parameter LicenseID to value 2758435
Set parameter LicenseID to value 2758435
Set parameter LicenseID to value 2758435
Set parameter LicenseID to value 2758435
Set parameter LicenseID to value 2758435
  round 306 ACCEPT: first-bit rank 898695 -> 898695  total_cost=52 changed=2 hots=3 scale=1
Set parameter LicenseID to value 2758435
Set parameter LicenseID to value 2758435
Set parameter LicenseID to value 2758435
Set parameter LicenseID to value 2758435
Set parameter LicenseID to value 2758435
Set parameter LicenseID to value 2758435
Set parameter LicenseID to value 2758435
Set parameter LicenseID to value 2758435
Set parameter LicenseID to value 2758435
Set parameter LicenseID to value 2758435
Set parameter LicenseID to value 2758435
Set parameter LicenseID to value 2758435
Set parameter LicenseID to value 2758435
Set parameter LicenseID to value 2758435
Set parameter LicenseID to value 2758435
Set parameter LicenseID to value 2758435
Set parameter LicenseID to value 2758435
Set parameter LicenseID to value 2758435
  round 309 ACCEPT: first-bit rank 898695 -> 898695  total_cost=52 changed=10 hots=3 scale=1
Set parameter LicenseID to value 2758435
Set parameter LicenseID to value 2758435
Set parameter LicenseID to value 2758435
Set parameter LicenseID to value 2758435
Set parameter LicenseID to value 2758435
Set parameter LicenseID to value 2758435
Set parameter LicenseID to value 2758435
Set parameter LicenseID to value 2758435
Set parameter LicenseID to value 2758435
Set parameter LicenseID to value 2758435
Set parameter LicenseID to value 2758435
Set parameter LicenseID to value 2758435
Set parameter LicenseID to value 2758435
Set parameter LicenseID to value 2758435
Set parameter LicenseID to value 2758435
Set parameter LicenseID to value 2758435
Set parameter LicenseID to value 2758435
Set parameter LicenseID to value 2758435
Set parameter LicenseID to value 2758435
Set parameter LicenseID to value 2758435
Set parameter LicenseID to value 2758435
Set parameter LicenseID to value 2758435
Set parameter LicenseID to value 2758435
Set parameter LicenseID to value 2758435
Set parameter LicenseID to value 2758435
Set parameter LicenseID to value 2758435
Set parameter LicenseID to value 2758435
Set parameter LicenseID to value 2758435
Set parameter LicenseID to value 2758435
Set parameter LicenseID to value 2758435
Set parameter LicenseID to value 2758435
Set parameter LicenseID to value 2758435
Set parameter LicenseID to value 2758435
Set parameter LicenseID to value 2758435
Set parameter LicenseID to value 2758435
Set parameter LicenseID to value 2758435
Set parameter LicenseID to value 2758435
Set parameter LicenseID to value 2758435
Set parameter LicenseID to value 2758435
Set parameter LicenseID to value 2758435
Set parameter LicenseID to value 2758435
Set parameter LicenseID to value 2758435
  round 316 ACCEPT: first-bit rank 898695 -> 898695  total_cost=45 changed=8 hots=3 scale=1
Set parameter LicenseID to value 2758435
Set parameter LicenseID to value 2758435
Set parameter LicenseID to value 2758435
Set parameter LicenseID to value 2758435
Set parameter LicenseID to value 2758435
Set parameter LicenseID to value 2758435
Set parameter LicenseID to value 2758435
Set parameter LicenseID to value 2758435
Set parameter LicenseID to value 2758435
Set parameter LicenseID to value 2758435
Set parameter LicenseID to value 2758435
Set parameter LicenseID to value 2758435
Set parameter LicenseID to value 2758435
Set parameter LicenseID to value 2758435
Set parameter LicenseID to value 2758435
Set parameter LicenseID to value 2758435
Set parameter LicenseID to value 2758435
Set parameter LicenseID to value 2758435
Set parameter LicenseID to value 2758435
Set parameter LicenseID to value 2758435
Set parameter LicenseID to value 2758435
Set parameter LicenseID to value 2758435
Set parameter LicenseID to value 2758435
Set parameter LicenseID to value 2758435
Set parameter LicenseID to value 2758435
Set parameter LicenseID to value 2758435
Set parameter LicenseID to value 2758435
Set parameter LicenseID to value 2758435
Set parameter LicenseID to value 2758435
Set parameter LicenseID to value 2758435
Set parameter LicenseID to value 2758435
Set parameter LicenseID to value 2758435
Set parameter LicenseID to value 2758435
Set parameter LicenseID to value 2758435
Set parameter LicenseID to value 2758435
Set parameter LicenseID to value 2758435
  round 322 ACCEPT: first-bit rank 898695 -> 898695  total_cost=54 changed=2 hots=2 scale=1
Set parameter LicenseID to value 2758435
Set parameter LicenseID to value 2758435
Set parameter LicenseID to value 2758435
Set parameter LicenseID to value 2758435
Set parameter LicenseID to value 2758435
Set parameter LicenseID to value 2758435
  round 323 ACCEPT: first-bit rank 898695 -> 898695  total_cost=53 changed=2 hots=2 scale=1
Set parameter LicenseID to value 2758435
Set parameter LicenseID to value 2758435
Set parameter LicenseID to value 2758435
Set parameter LicenseID to value 2758435
Set parameter LicenseID to value 2758435
Set parameter LicenseID to value 2758435
  round 324 ACCEPT: first-bit rank 898695 -> 898695  total_cost=53 changed=2 hots=2 scale=1
Set parameter LicenseID to value 2758435
Set parameter LicenseID to value 2758435
Set parameter LicenseID to value 2758435
Set parameter LicenseID to value 2758435
Set parameter LicenseID to value 2758435
Set parameter LicenseID to value 2758435
Set parameter LicenseID to value 2758435
Set parameter LicenseID to value 2758435
Set parameter LicenseID to value 2758435
Set parameter LicenseID to value 2758435
Set parameter LicenseID to value 2758435
Set parameter LicenseID to value 2758435
Set parameter LicenseID to value 2758435
Set parameter LicenseID to value 2758435
Set parameter LicenseID to value 2758435
Set parameter LicenseID to value 2758435
Set parameter LicenseID to value 2758435
Set parameter LicenseID to value 2758435
Set parameter LicenseID to value 2758435
Set parameter LicenseID to value 2758435
Set parameter LicenseID to value 2758435
Set parameter LicenseID to value 2758435
Set parameter LicenseID to value 2758435
Set parameter LicenseID to value 2758435
Set parameter LicenseID to value 2758435
Set parameter LicenseID to value 2758435
Set parameter LicenseID to value 2758435
Set parameter LicenseID to value 2758435
Set parameter LicenseID to value 2758435
Set parameter LicenseID to value 2758435
Set parameter LicenseID to value 2758435
Set parameter LicenseID to value 2758435
Set parameter LicenseID to value 2758435
Set parameter LicenseID to value 2758435
Set parameter LicenseID to value 2758435
Set parameter LicenseID to value 2758435
Set parameter LicenseID to value 2758435
Set parameter LicenseID to value 2758435
Set parameter LicenseID to value 2758435
Set parameter LicenseID to value 2758435
Set parameter LicenseID to value 2758435
Set parameter LicenseID to value 2758435
Set parameter LicenseID to value 2758435
Set parameter LicenseID to value 2758435
Set parameter LicenseID to value 2758435
Set parameter LicenseID to value 2758435
Set parameter LicenseID to value 2758435
Set parameter LicenseID to value 2758435
Set parameter LicenseID to value 2758435
Set parameter LicenseID to value 2758435
Set parameter LicenseID to value 2758435
Set parameter LicenseID to value 2758435
Set parameter LicenseID to value 2758435
Set parameter LicenseID to value 2758435
Set parameter LicenseID to value 2758435
Set parameter LicenseID to value 2758435
Set parameter LicenseID to value 2758435
Set parameter LicenseID to value 2758435
Set parameter LicenseID to value 2758435
Set parameter LicenseID to value 2758435
Set parameter LicenseID to value 2758435
Set parameter LicenseID to value 2758435
Set parameter LicenseID to value 2758435
Set parameter LicenseID to value 2758435
Set parameter LicenseID to value 2758435
Set parameter LicenseID to value 2758435
Set parameter LicenseID to value 2758435
Set parameter LicenseID to value 2758435
Set parameter LicenseID to value 2758435
Set parameter LicenseID to value 2758435
Set parameter LicenseID to value 2758435
Set parameter LicenseID to value 2758435
Set parameter LicenseID to value 2758435
Set parameter LicenseID to value 2758435
Set parameter LicenseID to value 2758435
Set parameter LicenseID to value 2758435
Set parameter LicenseID to value 2758435
Set parameter LicenseID to value 2758435
Set parameter LicenseID to value 2758435
Set parameter LicenseID to value 2758435
Set parameter LicenseID to value 2758435
Set parameter LicenseID to value 2758435
Set parameter LicenseID to value 2758435
Set parameter LicenseID to value 2758435
Set parameter LicenseID to value 2758435
Set parameter LicenseID to value 2758435
Set parameter LicenseID to value 2758435
Set parameter LicenseID to value 2758435
Set parameter LicenseID to value 2758435
Set parameter LicenseID to value 2758435
Set parameter LicenseID to value 2758435
Set parameter LicenseID to value 2758435
Set parameter LicenseID to value 2758435
Set parameter LicenseID to value 2758435
Set parameter LicenseID to value 2758435
Set parameter LicenseID to value 2758435
Set parameter LicenseID to value 2758435
Set parameter LicenseID to value 2758435
Set parameter LicenseID to value 2758435
Set parameter LicenseID to value 2758435
Set parameter LicenseID to value 2758435
Set parameter LicenseID to value 2758435
Set parameter LicenseID to value 2758435
Set parameter LicenseID to value 2758435
Set parameter LicenseID to value 2758435
Set parameter LicenseID to value 2758435
Set parameter LicenseID to value 2758435
Set parameter LicenseID to value 2758435
Set parameter LicenseID to value 2758435
Set parameter LicenseID to value 2758435
Set parameter LicenseID to value 2758435
Set parameter LicenseID to value 2758435
Set parameter LicenseID to value 2758435
Set parameter LicenseID to value 2758435
Set parameter LicenseID to value 2758435
Set parameter LicenseID to value 2758435
Set parameter LicenseID to value 2758435
Set parameter LicenseID to value 2758435
Set parameter LicenseID to value 2758435
Set parameter LicenseID to value 2758435
Set parameter LicenseID to value 2758435
Set parameter LicenseID to value 2758435
Set parameter LicenseID to value 2758435
Set parameter LicenseID to value 2758435
Set parameter LicenseID to value 2758435
Set parameter LicenseID to value 2758435
Set parameter LicenseID to value 2758435
Set parameter LicenseID to value 2758435
Set parameter LicenseID to value 2758435
Set parameter LicenseID to value 2758435
Set parameter LicenseID to value 2758435
Set parameter LicenseID to value 2758435
Set parameter LicenseID to value 2758435
Set parameter LicenseID to value 2758435
Set parameter LicenseID to value 2758435
Set parameter LicenseID to value 2758435
Set parameter LicenseID to value 2758435
Set parameter LicenseID to value 2758435
Set parameter LicenseID to value 2758435
Set parameter LicenseID to value 2758435
Set parameter LicenseID to value 2758435
Set parameter LicenseID to value 2758435
Set parameter LicenseID to value 2758435
Set parameter LicenseID to value 2758435
Set parameter LicenseID to value 2758435
Set parameter LicenseID to value 2758435
Set parameter LicenseID to value 2758435
Set parameter LicenseID to value 2758435
Set parameter LicenseID to value 2758435
Set parameter LicenseID to value 2758435
Set parameter LicenseID to value 2758435
Set parameter LicenseID to value 2758435
Set parameter LicenseID to value 2758435
Set parameter LicenseID to value 2758435
Set parameter LicenseID to value 2758435
Set parameter LicenseID to value 2758435
Set parameter LicenseID to value 2758435
Set parameter LicenseID to value 2758435
Set parameter LicenseID to value 2758435
Set parameter LicenseID to value 2758435
Set parameter LicenseID to value 2758435
Set parameter LicenseID to value 2758435
  round 353 ACCEPT: first-bit rank 898695 -> 898695  total_cost=53 changed=6 hots=5 scale=1
Set parameter LicenseID to value 2758435
Set parameter LicenseID to value 2758435
Set parameter LicenseID to value 2758435
Set parameter LicenseID to value 2758435
Set parameter LicenseID to value 2758435
Set parameter LicenseID to value 2758435
Set parameter LicenseID to value 2758435
Set parameter LicenseID to value 2758435
Set parameter LicenseID to value 2758435
Set parameter LicenseID to value 2758435
Set parameter LicenseID to value 2758435
Set parameter LicenseID to value 2758435
Set parameter LicenseID to value 2758435
Set parameter LicenseID to value 2758435
Set parameter LicenseID to value 2758435
Set parameter LicenseID to value 2758435
Set parameter LicenseID to value 2758435
Set parameter LicenseID to value 2758435
  round 356 ACCEPT: first-bit rank 898695 -> 898695  total_cost=53 changed=4 hots=4 scale=1
Set parameter LicenseID to value 2758435
Set parameter LicenseID to value 2758435
Set parameter LicenseID to value 2758435
Set parameter LicenseID to value 2758435
Set parameter LicenseID to value 2758435
Set parameter LicenseID to value 2758435
Set parameter LicenseID to value 2758435
Set parameter LicenseID to value 2758435
Set parameter LicenseID to value 2758435
Set parameter LicenseID to value 2758435
Set parameter LicenseID to value 2758435
Set parameter LicenseID to value 2758435
Set parameter LicenseID to value 2758435
Set parameter LicenseID to value 2758435
Set parameter LicenseID to value 2758435
Set parameter LicenseID to value 2758435
Set parameter LicenseID to value 2758435
Set parameter LicenseID to value 2758435
Set parameter LicenseID to value 2758435
Set parameter LicenseID to value 2758435
Set parameter LicenseID to value 2758435
Set parameter LicenseID to value 2758435
Set parameter LicenseID to value 2758435
Set parameter LicenseID to value 2758435
Set parameter LicenseID to value 2758435
Set parameter LicenseID to value 2758435
Set parameter LicenseID to value 2758435
Set parameter LicenseID to value 2758435
Set parameter LicenseID to value 2758435
Set parameter LicenseID to value 2758435
  round 361 ACCEPT: first-bit rank 898695 -> 898695  total_cost=53 changed=14 hots=3 scale=1
Set parameter LicenseID to value 2758435
Set parameter LicenseID to value 2758435
Set parameter LicenseID to value 2758435
Set parameter LicenseID to value 2758435
Set parameter LicenseID to value 2758435
Set parameter LicenseID to value 2758435
Set parameter LicenseID to value 2758435
Set parameter LicenseID to value 2758435
Set parameter LicenseID to value 2758435
Set parameter LicenseID to value 2758435
Set parameter LicenseID to value 2758435
Set parameter LicenseID to value 2758435
Set parameter LicenseID to value 2758435
Set parameter LicenseID to value 2758435
Set parameter LicenseID to value 2758435
Set parameter LicenseID to value 2758435
Set parameter LicenseID to value 2758435
Set parameter LicenseID to value 2758435
  round 364 ACCEPT: first-bit rank 898695 -> 898695  total_cost=53 changed=6 hots=5 scale=1
Set parameter LicenseID to value 2758435
Set parameter LicenseID to value 2758435
Set parameter LicenseID to value 2758435
Set parameter LicenseID to value 2758435
Set parameter LicenseID to value 2758435
Set parameter LicenseID to value 2758435
  round 365 ACCEPT: first-bit rank 898695 -> 898695  total_cost=49 changed=18 hots=4 scale=1
Set parameter LicenseID to value 2758435
Set parameter LicenseID to value 2758435
Set parameter LicenseID to value 2758435
Set parameter LicenseID to value 2758435
Set parameter LicenseID to value 2758435
Set parameter LicenseID to value 2758435
  round 366 ACCEPT: first-bit rank 898695 -> 898695  total_cost=49 changed=2 hots=4 scale=1
Set parameter LicenseID to value 2758435
Set parameter LicenseID to value 2758435
Set parameter LicenseID to value 2758435
Set parameter LicenseID to value 2758435
Set parameter LicenseID to value 2758435
Set parameter LicenseID to value 2758435
Set parameter LicenseID to value 2758435
Set parameter LicenseID to value 2758435
Set parameter LicenseID to value 2758435
Set parameter LicenseID to value 2758435
Set parameter LicenseID to value 2758435
Set parameter LicenseID to value 2758435
Set parameter LicenseID to value 2758435
Set parameter LicenseID to value 2758435
Set parameter LicenseID to value 2758435
Set parameter LicenseID to value 2758435
Set parameter LicenseID to value 2758435
Set parameter LicenseID to value 2758435
Set parameter LicenseID to value 2758435
Set parameter LicenseID to value 2758435
Set parameter LicenseID to value 2758435
Set parameter LicenseID to value 2758435
Set parameter LicenseID to value 2758435
Set parameter LicenseID to value 2758435
Set parameter LicenseID to value 2758435
Set parameter LicenseID to value 2758435
Set parameter LicenseID to value 2758435
Set parameter LicenseID to value 2758435
Set parameter LicenseID to value 2758435
Set parameter LicenseID to value 2758435
Set parameter LicenseID to value 2758435
Set parameter LicenseID to value 2758435
Set parameter LicenseID to value 2758435
Set parameter LicenseID to value 2758435
Set parameter LicenseID to value 2758435
Set parameter LicenseID to value 2758435
Set parameter LicenseID to value 2758435
Set parameter LicenseID to value 2758435
Set parameter LicenseID to value 2758435
Set parameter LicenseID to value 2758435
Set parameter LicenseID to value 2758435
Set parameter LicenseID to value 2758435
Set parameter LicenseID to value 2758435
Set parameter LicenseID to value 2758435
Set parameter LicenseID to value 2758435
Set parameter LicenseID to value 2758435
Set parameter LicenseID to value 2758435
Set parameter LicenseID to value 2758435
Set parameter LicenseID to value 2758435
Set parameter LicenseID to value 2758435
Set parameter LicenseID to value 2758435
Set parameter LicenseID to value 2758435
Set parameter LicenseID to value 2758435
Set parameter LicenseID to value 2758435
Set parameter LicenseID to value 2758435
Set parameter LicenseID to value 2758435
Set parameter LicenseID to value 2758435
Set parameter LicenseID to value 2758435
Set parameter LicenseID to value 2758435
Set parameter LicenseID to value 2758435
Set parameter LicenseID to value 2758435
Set parameter LicenseID to value 2758435
Set parameter LicenseID to value 2758435
Set parameter LicenseID to value 2758435
Set parameter LicenseID to value 2758435
Set parameter LicenseID to value 2758435
Set parameter LicenseID to value 2758435
Set parameter LicenseID to value 2758435
Set parameter LicenseID to value 2758435
Set parameter LicenseID to value 2758435
Set parameter LicenseID to value 2758435
Set parameter LicenseID to value 2758435
Set parameter LicenseID to value 2758435
Set parameter LicenseID to value 2758435
Set parameter LicenseID to value 2758435
Set parameter LicenseID to value 2758435
Set parameter LicenseID to value 2758435
Set parameter LicenseID to value 2758435
Set parameter LicenseID to value 2758435
Set parameter LicenseID to value 2758435
Set parameter LicenseID to value 2758435
Set parameter LicenseID to value 2758435
Set parameter LicenseID to value 2758435
Set parameter LicenseID to value 2758435
Set parameter LicenseID to value 2758435
Set parameter LicenseID to value 2758435
Set parameter LicenseID to value 2758435
Set parameter LicenseID to value 2758435
Set parameter LicenseID to value 2758435
Set parameter LicenseID to value 2758435
Set parameter LicenseID to value 2758435
Set parameter LicenseID to value 2758435
Set parameter LicenseID to value 2758435
Set parameter LicenseID to value 2758435
Set parameter LicenseID to value 2758435
Set parameter LicenseID to value 2758435
Set parameter LicenseID to value 2758435
Set parameter LicenseID to value 2758435
Set parameter LicenseID to value 2758435
Set parameter LicenseID to value 2758435
Set parameter LicenseID to value 2758435
Set parameter LicenseID to value 2758435
Set parameter LicenseID to value 2758435
Set parameter LicenseID to value 2758435
Set parameter LicenseID to value 2758435
Set parameter LicenseID to value 2758435
Set parameter LicenseID to value 2758435
Set parameter LicenseID to value 2758435
Set parameter LicenseID to value 2758435
Set parameter LicenseID to value 2758435
Set parameter LicenseID to value 2758435
Set parameter LicenseID to value 2758435
Set parameter LicenseID to value 2758435
Set parameter LicenseID to value 2758435
Set parameter LicenseID to value 2758435
Set parameter LicenseID to value 2758435
Set parameter LicenseID to value 2758435
Set parameter LicenseID to value 2758435
Set parameter LicenseID to value 2758435
Set parameter LicenseID to value 2758435
Set parameter LicenseID to value 2758435
Set parameter LicenseID to value 2758435
Set parameter LicenseID to value 2758435
Set parameter LicenseID to value 2758435
Set parameter LicenseID to value 2758435
Set parameter LicenseID to value 2758435
  round 387 ACCEPT: first-bit rank 898695 -> 898695  total_cost=49 changed=4 hots=2 scale=1
Set parameter LicenseID to value 2758435
Set parameter LicenseID to value 2758435
Set parameter LicenseID to value 2758435
Set parameter LicenseID to value 2758435
Set parameter LicenseID to value 2758435
Set parameter LicenseID to value 2758435
  round 388 ACCEPT: first-bit rank 898695 -> 898695  total_cost=49 changed=2 hots=4 scale=1
Set parameter LicenseID to value 2758435
Set parameter LicenseID to value 2758435
Set parameter LicenseID to value 2758435
Set parameter LicenseID to value 2758435
Set parameter LicenseID to value 2758435
Set parameter LicenseID to value 2758435
Set parameter LicenseID to value 2758435
Set parameter LicenseID to value 2758435
Set parameter LicenseID to value 2758435
Set parameter LicenseID to value 2758435
Set parameter LicenseID to value 2758435
Set parameter LicenseID to value 2758435
Set parameter LicenseID to value 2758435
Set parameter LicenseID to value 2758435
Set parameter LicenseID to value 2758435
Set parameter LicenseID to value 2758435
Set parameter LicenseID to value 2758435
Set parameter LicenseID to value 2758435
Set parameter LicenseID to value 2758435
Set parameter LicenseID to value 2758435
Set parameter LicenseID to value 2758435
Set parameter LicenseID to value 2758435
Set parameter LicenseID to value 2758435
Set parameter LicenseID to value 2758435
Set parameter LicenseID to value 2758435
Set parameter LicenseID to value 2758435
Set parameter LicenseID to value 2758435
Set parameter LicenseID to value 2758435
Set parameter LicenseID to value 2758435
Set parameter LicenseID to value 2758435
Set parameter LicenseID to value 2758435
Set parameter LicenseID to value 2758435
Set parameter LicenseID to value 2758435
Set parameter LicenseID to value 2758435
Set parameter LicenseID to value 2758435
Set parameter LicenseID to value 2758435
Set parameter LicenseID to value 2758435
Set parameter LicenseID to value 2758435
Set parameter LicenseID to value 2758435
Set parameter LicenseID to value 2758435
Set parameter LicenseID to value 2758435
Set parameter LicenseID to value 2758435
Set parameter LicenseID to value 2758435
Set parameter LicenseID to value 2758435
Set parameter LicenseID to value 2758435
Set parameter LicenseID to value 2758435
Set parameter LicenseID to value 2758435
Set parameter LicenseID to value 2758435
Set parameter LicenseID to value 2758435
Set parameter LicenseID to value 2758435
Set parameter LicenseID to value 2758435
Set parameter LicenseID to value 2758435
Set parameter LicenseID to value 2758435
Set parameter LicenseID to value 2758435
Set parameter LicenseID to value 2758435
Set parameter LicenseID to value 2758435
Set parameter LicenseID to value 2758435
Set parameter LicenseID to value 2758435
Set parameter LicenseID to value 2758435
Set parameter LicenseID to value 2758435
Set parameter LicenseID to value 2758435
Set parameter LicenseID to value 2758435
Set parameter LicenseID to value 2758435
Set parameter LicenseID to value 2758435
Set parameter LicenseID to value 2758435
Set parameter LicenseID to value 2758435
  round 399 ACCEPT: first-bit rank 898695 -> 898695  total_cost=49 changed=4 hots=1 scale=1
Set parameter LicenseID to value 2758435
Set parameter LicenseID to value 2758435
Set parameter LicenseID to value 2758435
Set parameter LicenseID to value 2758435
Set parameter LicenseID to value 2758435
Set parameter LicenseID to value 2758435
done: accepted=78 rejected=322  final first-bit raw=0.898695808 rank=898695  total_cost=49 budget_ok=true elapsed=41.6s
  reject reason conf       627
  reject reason lex        48
  reject reason no-change  259
  reject reason no-pool    15
  reject reason not-proven 85
  solves=385 avg pool pairs=9.7 avg cands=425.2 gurobi=5.27s (12.7% of elapsed)
  cand mode=mix pool_cap=24 max_w1=24 max_w2=32 global_k=0 hop_cache=true
  hops queries=56255 hits=55094 misses=1161 computed=1161 sets=2
  schedule=hot focus_n=10 hot_k=6 grow_mult=2 scale_cap=8 conf_gate=true scale=1 epoch_restarts=0
  freeze: pre=0 soft=0 skip=353 conf_seeds=356
  first bit PROVEN optimal: rank 898695 == structural floor 898695 (raw 0.898695808)
RESULT setA-15 accepted=78 firstbit=898695 total_cost=49 budget_ok=true
sprint compare: tie 13/2500 layers; first gap layer 14 (440400 vs 440081)
    layer 14: ours 440400 vs sprint 440081
    layer 15: ours 439822 vs sprint 439173
    layer 19: ours 350868 vs sprint 337125
    layer 20: ours 338518 vs sprint 336986
    layer 21: ours 334246 vs sprint 328025
wrote solution -> runs_diag/ab_setA-15_off.json
