instance=setA-05 m=396 T=2 demands=100
  start first-bit raw=0.999986144 rank=999986  total_cost=0
presolve: 0.08s cells=438 deep=100 floors=26 proven=0 revoked=0 timeout=false
  lb_sat=0.204985875 (first-bit rank 204985)  proven_pins=0 floors=26
  pin t=1 arc=264(82->85) load=5.4249 sat=0.204986 src=source-dom proven=false forced_demands=2
  pin t=0 arc=159(66->16) load=3.1912 sat=0.115524 src=sink-dom proven=false forced_demands=1
  pin t=0 arc=264(82->85) load=2.8720 sat=0.108522 src=source-dom proven=false forced_demands=2
  pin t=1 arc=117(57->25) load=2.8720 sat=0.081427 src=sink-dom proven=false forced_demands=1
  pin t=0 arc=114(7->56) load=3.5102 sat=0.077083 src=sink-dom proven=false forced_demands=2
  ... 21 more pins (see -presolve-pins)
Set parameter LicenseID to value 2758435
Set parameter LicenseID to value 2758435
Set parameter LicenseID to value 2758435
Set parameter LicenseID to value 2758435
Set parameter LicenseID to value 2758435
Set parameter LicenseID to value 2758435
  round 1 ACCEPT: first-bit rank 999986 -> 204985  total_cost=0 changed=8 hots=5 scale=1
Set parameter LicenseID to value 2758435
Set parameter LicenseID to value 2758435
Set parameter LicenseID to value 2758435
Set parameter LicenseID to value 2758435
Set parameter LicenseID to value 2758435
Set parameter LicenseID to value 2758435
  round 2 ACCEPT: first-bit rank 204985 -> 204985  total_cost=0 changed=34 hots=5 scale=1
Set parameter LicenseID to value 2758435
Set parameter LicenseID to value 2758435
Set parameter LicenseID to value 2758435
Set parameter LicenseID to value 2758435
Set parameter LicenseID to value 2758435
Set parameter LicenseID to value 2758435
  round 3 ACCEPT: first-bit rank 204985 -> 204985  total_cost=0 changed=8 hots=3 scale=1
Set parameter LicenseID to value 2758435
Set parameter LicenseID to value 2758435
Set parameter LicenseID to value 2758435
Set parameter LicenseID to value 2758435
Set parameter LicenseID to value 2758435
Set parameter LicenseID to value 2758435
  round 4 ACCEPT: first-bit rank 204985 -> 204985  total_cost=0 changed=10 hots=3 scale=1
Set parameter LicenseID to value 2758435
Set parameter LicenseID to value 2758435
Set parameter LicenseID to value 2758435
Set parameter LicenseID to value 2758435
Set parameter LicenseID to value 2758435
Set parameter LicenseID to value 2758435
Set parameter LicenseID to value 2758435
Set parameter LicenseID to value 2758435
Set parameter LicenseID to value 2758435
Set parameter LicenseID to value 2758435
Set parameter LicenseID to value 2758435
Set parameter LicenseID to value 2758435
Set parameter LicenseID to value 2758435
Set parameter LicenseID to value 2758435
Set parameter LicenseID to value 2758435
Set parameter LicenseID to value 2758435
Set parameter LicenseID to value 2758435
Set parameter LicenseID to value 2758435
  round 7 ACCEPT: first-bit rank 204985 -> 204985  total_cost=0 changed=2 hots=3 scale=1
Set parameter LicenseID to value 2758435
Set parameter LicenseID to value 2758435
Set parameter LicenseID to value 2758435
Set parameter LicenseID to value 2758435
Set parameter LicenseID to value 2758435
Set parameter LicenseID to value 2758435
  round 8 ACCEPT: first-bit rank 204985 -> 204985  total_cost=0 changed=2 hots=3 scale=1
Set parameter LicenseID to value 2758435
Set parameter LicenseID to value 2758435
Set parameter LicenseID to value 2758435
Set parameter LicenseID to value 2758435
Set parameter LicenseID to value 2758435
Set parameter LicenseID to value 2758435
Set parameter LicenseID to value 2758435
Set parameter LicenseID to value 2758435
Set parameter LicenseID to value 2758435
Set parameter LicenseID to value 2758435
Set parameter LicenseID to value 2758435
Set parameter LicenseID to value 2758435
Set parameter LicenseID to value 2758435
Set parameter LicenseID to value 2758435
Set parameter LicenseID to value 2758435
Set parameter LicenseID to value 2758435
Set parameter LicenseID to value 2758435
Set parameter LicenseID to value 2758435
  round 11 ACCEPT: first-bit rank 204985 -> 204985  total_cost=0 changed=4 hots=3 scale=1
Set parameter LicenseID to value 2758435
Set parameter LicenseID to value 2758435
Set parameter LicenseID to value 2758435
Set parameter LicenseID to value 2758435
Set parameter LicenseID to value 2758435
Set parameter LicenseID to value 2758435
Set parameter LicenseID to value 2758435
Set parameter LicenseID to value 2758435
Set parameter LicenseID to value 2758435
Set parameter LicenseID to value 2758435
Set parameter LicenseID to value 2758435
Set parameter LicenseID to value 2758435
Set parameter LicenseID to value 2758435
Set parameter LicenseID to value 2758435
Set parameter LicenseID to value 2758435
Set parameter LicenseID to value 2758435
Set parameter LicenseID to value 2758435
Set parameter LicenseID to value 2758435
  round 14 ACCEPT: first-bit rank 204985 -> 204985  total_cost=0 changed=6 hots=3 scale=1
Set parameter LicenseID to value 2758435
Set parameter LicenseID to value 2758435
Set parameter LicenseID to value 2758435
Set parameter LicenseID to value 2758435
Set parameter LicenseID to value 2758435
Set parameter LicenseID to value 2758435
Set parameter LicenseID to value 2758435
Set parameter LicenseID to value 2758435
Set parameter LicenseID to value 2758435
Set parameter LicenseID to value 2758435
Set parameter LicenseID to value 2758435
Set parameter LicenseID to value 2758435
Set parameter LicenseID to value 2758435
Set parameter LicenseID to value 2758435
Set parameter LicenseID to value 2758435
Set parameter LicenseID to value 2758435
Set parameter LicenseID to value 2758435
Set parameter LicenseID to value 2758435
Set parameter LicenseID to value 2758435
Set parameter LicenseID to value 2758435
Set parameter LicenseID to value 2758435
Set parameter LicenseID to value 2758435
Set parameter LicenseID to value 2758435
Set parameter LicenseID to value 2758435
  round 18 ACCEPT: first-bit rank 204985 -> 204985  total_cost=0 changed=12 hots=2 scale=1
Set parameter LicenseID to value 2758435
Set parameter LicenseID to value 2758435
Set parameter LicenseID to value 2758435
Set parameter LicenseID to value 2758435
Set parameter LicenseID to value 2758435
Set parameter LicenseID to value 2758435
Set parameter LicenseID to value 2758435
Set parameter LicenseID to value 2758435
Set parameter LicenseID to value 2758435
Set parameter LicenseID to value 2758435
Set parameter LicenseID to value 2758435
Set parameter LicenseID to value 2758435
Set parameter LicenseID to value 2758435
Set parameter LicenseID to value 2758435
Set parameter LicenseID to value 2758435
Set parameter LicenseID to value 2758435
Set parameter LicenseID to value 2758435
Set parameter LicenseID to value 2758435
Set parameter LicenseID to value 2758435
Set parameter LicenseID to value 2758435
Set parameter LicenseID to value 2758435
Set parameter LicenseID to value 2758435
Set parameter LicenseID to value 2758435
Set parameter LicenseID to value 2758435
Set parameter LicenseID to value 2758435
Set parameter LicenseID to value 2758435
Set parameter LicenseID to value 2758435
Set parameter LicenseID to value 2758435
Set parameter LicenseID to value 2758435
Set parameter LicenseID to value 2758435
Set parameter LicenseID to value 2758435
Set parameter LicenseID to value 2758435
Set parameter LicenseID to value 2758435
Set parameter LicenseID to value 2758435
Set parameter LicenseID to value 2758435
Set parameter LicenseID to value 2758435
Set parameter LicenseID to value 2758435
Set parameter LicenseID to value 2758435
Set parameter LicenseID to value 2758435
Set parameter LicenseID to value 2758435
Set parameter LicenseID to value 2758435
Set parameter LicenseID to value 2758435
Set parameter LicenseID to value 2758435
Set parameter LicenseID to value 2758435
Set parameter LicenseID to value 2758435
Set parameter LicenseID to value 2758435
Set parameter LicenseID to value 2758435
Set parameter LicenseID to value 2758435
Set parameter LicenseID to value 2758435
Set parameter LicenseID to value 2758435
Set parameter LicenseID to value 2758435
Set parameter LicenseID to value 2758435
Set parameter LicenseID to value 2758435
Set parameter LicenseID to value 2758435
Set parameter LicenseID to value 2758435
Set parameter LicenseID to value 2758435
Set parameter LicenseID to value 2758435
Set parameter LicenseID to value 2758435
Set parameter LicenseID to value 2758435
Set parameter LicenseID to value 2758435
Set parameter LicenseID to value 2758435
Set parameter LicenseID to value 2758435
Set parameter LicenseID to value 2758435
Set parameter LicenseID to value 2758435
Set parameter LicenseID to value 2758435
Set parameter LicenseID to value 2758435
Set parameter LicenseID to value 2758435
Set parameter LicenseID to value 2758435
Set parameter LicenseID to value 2758435
Set parameter LicenseID to value 2758435
Set parameter LicenseID to value 2758435
Set parameter LicenseID to value 2758435
Set parameter LicenseID to value 2758435
Set parameter LicenseID to value 2758435
Set parameter LicenseID to value 2758435
Set parameter LicenseID to value 2758435
Set parameter LicenseID to value 2758435
Set parameter LicenseID to value 2758435
Set parameter LicenseID to value 2758435
Set parameter LicenseID to value 2758435
Set parameter LicenseID to value 2758435
Set parameter LicenseID to value 2758435
Set parameter LicenseID to value 2758435
Set parameter LicenseID to value 2758435
Set parameter LicenseID to value 2758435
Set parameter LicenseID to value 2758435
Set parameter LicenseID to value 2758435
Set parameter LicenseID to value 2758435
Set parameter LicenseID to value 2758435
Set parameter LicenseID to value 2758435
Set parameter LicenseID to value 2758435
Set parameter LicenseID to value 2758435
Set parameter LicenseID to value 2758435
Set parameter LicenseID to value 2758435
Set parameter LicenseID to value 2758435
Set parameter LicenseID to value 2758435
Set parameter LicenseID to value 2758435
Set parameter LicenseID to value 2758435
Set parameter LicenseID to value 2758435
Set parameter LicenseID to value 2758435
Set parameter LicenseID to value 2758435
Set parameter LicenseID to value 2758435
Set parameter LicenseID to value 2758435
Set parameter LicenseID to value 2758435
Set parameter LicenseID to value 2758435
Set parameter LicenseID to value 2758435
Set parameter LicenseID to value 2758435
Set parameter LicenseID to value 2758435
Set parameter LicenseID to value 2758435
Set parameter LicenseID to value 2758435
Set parameter LicenseID to value 2758435
Set parameter LicenseID to value 2758435
Set parameter LicenseID to value 2758435
Set parameter LicenseID to value 2758435
  round 37 ACCEPT: first-bit rank 204985 -> 204985  total_cost=0 changed=2 hots=1 scale=1
Set parameter LicenseID to value 2758435
Set parameter LicenseID to value 2758435
Set parameter LicenseID to value 2758435
Set parameter LicenseID to value 2758435
Set parameter LicenseID to value 2758435
Set parameter LicenseID to value 2758435
Set parameter LicenseID to value 2758435
Set parameter LicenseID to value 2758435
Set parameter LicenseID to value 2758435
Set parameter LicenseID to value 2758435
Set parameter LicenseID to value 2758435
Set parameter LicenseID to value 2758435
Set parameter LicenseID to value 2758435
Set parameter LicenseID to value 2758435
Set parameter LicenseID to value 2758435
Set parameter LicenseID to value 2758435
Set parameter LicenseID to value 2758435
Set parameter LicenseID to value 2758435
Set parameter LicenseID to value 2758435
Set parameter LicenseID to value 2758435
Set parameter LicenseID to value 2758435
Set parameter LicenseID to value 2758435
Set parameter LicenseID to value 2758435
Set parameter LicenseID to value 2758435
Set parameter LicenseID to value 2758435
Set parameter LicenseID to value 2758435
Set parameter LicenseID to value 2758435
Set parameter LicenseID to value 2758435
Set parameter LicenseID to value 2758435
Set parameter LicenseID to value 2758435
Set parameter LicenseID to value 2758435
Set parameter LicenseID to value 2758435
Set parameter LicenseID to value 2758435
Set parameter LicenseID to value 2758435
Set parameter LicenseID to value 2758435
Set parameter LicenseID to value 2758435
Set parameter LicenseID to value 2758435
Set parameter LicenseID to value 2758435
Set parameter LicenseID to value 2758435
Set parameter LicenseID to value 2758435
Set parameter LicenseID to value 2758435
Set parameter LicenseID to value 2758435
Set parameter LicenseID to value 2758435
Set parameter LicenseID to value 2758435
Set parameter LicenseID to value 2758435
Set parameter LicenseID to value 2758435
Set parameter LicenseID to value 2758435
Set parameter LicenseID to value 2758435
Set parameter LicenseID to value 2758435
Set parameter LicenseID to value 2758435
Set parameter LicenseID to value 2758435
Set parameter LicenseID to value 2758435
Set parameter LicenseID to value 2758435
Set parameter LicenseID to value 2758435
Set parameter LicenseID to value 2758435
Set parameter LicenseID to value 2758435
Set parameter LicenseID to value 2758435
Set parameter LicenseID to value 2758435
Set parameter LicenseID to value 2758435
Set parameter LicenseID to value 2758435
Set parameter LicenseID to value 2758435
Set parameter LicenseID to value 2758435
Set parameter LicenseID to value 2758435
Set parameter LicenseID to value 2758435
Set parameter LicenseID to value 2758435
Set parameter LicenseID to value 2758435
Set parameter LicenseID to value 2758435
Set parameter LicenseID to value 2758435
Set parameter LicenseID to value 2758435
Set parameter LicenseID to value 2758435
Set parameter LicenseID to value 2758435
Set parameter LicenseID to value 2758435
Set parameter LicenseID to value 2758435
Set parameter LicenseID to value 2758435
Set parameter LicenseID to value 2758435
Set parameter LicenseID to value 2758435
Set parameter LicenseID to value 2758435
Set parameter LicenseID to value 2758435
Set parameter LicenseID to value 2758435
Set parameter LicenseID to value 2758435
Set parameter LicenseID to value 2758435
Set parameter LicenseID to value 2758435
Set parameter LicenseID to value 2758435
Set parameter LicenseID to value 2758435
Set parameter LicenseID to value 2758435
Set parameter LicenseID to value 2758435
Set parameter LicenseID to value 2758435
Set parameter LicenseID to value 2758435
Set parameter LicenseID to value 2758435
Set parameter LicenseID to value 2758435
Set parameter LicenseID to value 2758435
Set parameter LicenseID to value 2758435
Set parameter LicenseID to value 2758435
Set parameter LicenseID to value 2758435
Set parameter LicenseID to value 2758435
Set parameter LicenseID to value 2758435
Set parameter LicenseID to value 2758435
Set parameter LicenseID to value 2758435
Set parameter LicenseID to value 2758435
Set parameter LicenseID to value 2758435
Set parameter LicenseID to value 2758435
Set parameter LicenseID to value 2758435
Set parameter LicenseID to value 2758435
Set parameter LicenseID to value 2758435
Set parameter LicenseID to value 2758435
Set parameter LicenseID to value 2758435
Set parameter LicenseID to value 2758435
Set parameter LicenseID to value 2758435
Set parameter LicenseID to value 2758435
Set parameter LicenseID to value 2758435
Set parameter LicenseID to value 2758435
Set parameter LicenseID to value 2758435
Set parameter LicenseID to value 2758435
Set parameter LicenseID to value 2758435
Set parameter LicenseID to value 2758435
Set parameter LicenseID to value 2758435
Set parameter LicenseID to value 2758435
Set parameter LicenseID to value 2758435
Set parameter LicenseID to value 2758435
Set parameter LicenseID to value 2758435
Set parameter LicenseID to value 2758435
Set parameter LicenseID to value 2758435
Set parameter LicenseID to value 2758435
Set parameter LicenseID to value 2758435
Set parameter LicenseID to value 2758435
Set parameter LicenseID to value 2758435
Set parameter LicenseID to value 2758435
Set parameter LicenseID to value 2758435
Set parameter LicenseID to value 2758435
Set parameter LicenseID to value 2758435
Set parameter LicenseID to value 2758435
Set parameter LicenseID to value 2758435
Set parameter LicenseID to value 2758435
Set parameter LicenseID to value 2758435
Set parameter LicenseID to value 2758435
Set parameter LicenseID to value 2758435
Set parameter LicenseID to value 2758435
Set parameter LicenseID to value 2758435
Set parameter LicenseID to value 2758435
Set parameter LicenseID to value 2758435
Set parameter LicenseID to value 2758435
Set parameter LicenseID to value 2758435
Set parameter LicenseID to value 2758435
Set parameter LicenseID to value 2758435
Set parameter LicenseID to value 2758435
Set parameter LicenseID to value 2758435
Set parameter LicenseID to value 2758435
Set parameter LicenseID to value 2758435
Set parameter LicenseID to value 2758435
Set parameter LicenseID to value 2758435
Set parameter LicenseID to value 2758435
Set parameter LicenseID to value 2758435
Set parameter LicenseID to value 2758435
Set parameter LicenseID to value 2758435
Set parameter LicenseID to value 2758435
Set parameter LicenseID to value 2758435
Set parameter LicenseID to value 2758435
Set parameter LicenseID to value 2758435
Set parameter LicenseID to value 2758435
Set parameter LicenseID to value 2758435
Set parameter LicenseID to value 2758435
Set parameter LicenseID to value 2758435
Set parameter LicenseID to value 2758435
Set parameter LicenseID to value 2758435
Set parameter LicenseID to value 2758435
Set parameter LicenseID to value 2758435
Set parameter LicenseID to value 2758435
Set parameter LicenseID to value 2758435
Set parameter LicenseID to value 2758435
Set parameter LicenseID to value 2758435
Set parameter LicenseID to value 2758435
Set parameter LicenseID to value 2758435
Set parameter LicenseID to value 2758435
Set parameter LicenseID to value 2758435
Set parameter LicenseID to value 2758435
Set parameter LicenseID to value 2758435
Set parameter LicenseID to value 2758435
Set parameter LicenseID to value 2758435
Set parameter LicenseID to value 2758435
Set parameter LicenseID to value 2758435
Set parameter LicenseID to value 2758435
Set parameter LicenseID to value 2758435
Set parameter LicenseID to value 2758435
Set parameter LicenseID to value 2758435
Set parameter LicenseID to value 2758435
Set parameter LicenseID to value 2758435
Set parameter LicenseID to value 2758435
Set parameter LicenseID to value 2758435
Set parameter LicenseID to value 2758435
Set parameter LicenseID to value 2758435
Set parameter LicenseID to value 2758435
Set parameter LicenseID to value 2758435
Set parameter LicenseID to value 2758435
Set parameter LicenseID to value 2758435
Set parameter LicenseID to value 2758435
Set parameter LicenseID to value 2758435
Set parameter LicenseID to value 2758435
Set parameter LicenseID to value 2758435
Set parameter LicenseID to value 2758435
Set parameter LicenseID to value 2758435
Set parameter LicenseID to value 2758435
Set parameter LicenseID to value 2758435
Set parameter LicenseID to value 2758435
Set parameter LicenseID to value 2758435
Set parameter LicenseID to value 2758435
Set parameter LicenseID to value 2758435
Set parameter LicenseID to value 2758435
Set parameter LicenseID to value 2758435
Set parameter LicenseID to value 2758435
Set parameter LicenseID to value 2758435
Set parameter LicenseID to value 2758435
Set parameter LicenseID to value 2758435
Set parameter LicenseID to value 2758435
Set parameter LicenseID to value 2758435
Set parameter LicenseID to value 2758435
Set parameter LicenseID to value 2758435
Set parameter LicenseID to value 2758435
Set parameter LicenseID to value 2758435
Set parameter LicenseID to value 2758435
Set parameter LicenseID to value 2758435
Set parameter LicenseID to value 2758435
Set parameter LicenseID to value 2758435
Set parameter LicenseID to value 2758435
Set parameter LicenseID to value 2758435
Set parameter LicenseID to value 2758435
Set parameter LicenseID to value 2758435
Set parameter LicenseID to value 2758435
Set parameter LicenseID to value 2758435
Set parameter LicenseID to value 2758435
Set parameter LicenseID to value 2758435
Set parameter LicenseID to value 2758435
Set parameter LicenseID to value 2758435
Set parameter LicenseID to value 2758435
Set parameter LicenseID to value 2758435
Set parameter LicenseID to value 2758435
Set parameter LicenseID to value 2758435
Set parameter LicenseID to value 2758435
Set parameter LicenseID to value 2758435
Set parameter LicenseID to value 2758435
Set parameter LicenseID to value 2758435
Set parameter LicenseID to value 2758435
Set parameter LicenseID to value 2758435
Set parameter LicenseID to value 2758435
Set parameter LicenseID to value 2758435
Set parameter LicenseID to value 2758435
Set parameter LicenseID to value 2758435
Set parameter LicenseID to value 2758435
Set parameter LicenseID to value 2758435
Set parameter LicenseID to value 2758435
Set parameter LicenseID to value 2758435
Set parameter LicenseID to value 2758435
Set parameter LicenseID to value 2758435
Set parameter LicenseID to value 2758435
Set parameter LicenseID to value 2758435
Set parameter LicenseID to value 2758435
Set parameter LicenseID to value 2758435
Set parameter LicenseID to value 2758435
Set parameter LicenseID to value 2758435
Set parameter LicenseID to value 2758435
Set parameter LicenseID to value 2758435
Set parameter LicenseID to value 2758435
Set parameter LicenseID to value 2758435
Set parameter LicenseID to value 2758435
Set parameter LicenseID to value 2758435
Set parameter LicenseID to value 2758435
Set parameter LicenseID to value 2758435
Set parameter LicenseID to value 2758435
Set parameter LicenseID to value 2758435
Set parameter LicenseID to value 2758435
Set parameter LicenseID to value 2758435
Set parameter LicenseID to value 2758435
Set parameter LicenseID to value 2758435
Set parameter LicenseID to value 2758435
Set parameter LicenseID to value 2758435
Set parameter LicenseID to value 2758435
Set parameter LicenseID to value 2758435
Set parameter LicenseID to value 2758435
Set parameter LicenseID to value 2758435
Set parameter LicenseID to value 2758435
Set parameter LicenseID to value 2758435
Set parameter LicenseID to value 2758435
Set parameter LicenseID to value 2758435
Set parameter LicenseID to value 2758435
Set parameter LicenseID to value 2758435
Set parameter LicenseID to value 2758435
Set parameter LicenseID to value 2758435
Set parameter LicenseID to value 2758435
Set parameter LicenseID to value 2758435
Set parameter LicenseID to value 2758435
Set parameter LicenseID to value 2758435
Set parameter LicenseID to value 2758435
Set parameter LicenseID to value 2758435
Set parameter LicenseID to value 2758435
Set parameter LicenseID to value 2758435
Set parameter LicenseID to value 2758435
Set parameter LicenseID to value 2758435
Set parameter LicenseID to value 2758435
Set parameter LicenseID to value 2758435
Set parameter LicenseID to value 2758435
Set parameter LicenseID to value 2758435
Set parameter LicenseID to value 2758435
Set parameter LicenseID to value 2758435
Set parameter LicenseID to value 2758435
Set parameter LicenseID to value 2758435
Set parameter LicenseID to value 2758435
Set parameter LicenseID to value 2758435
  round 90 ACCEPT: first-bit rank 204985 -> 204985  total_cost=0 changed=2 hots=1 scale=1
Set parameter LicenseID to value 2758435
Set parameter LicenseID to value 2758435
Set parameter LicenseID to value 2758435
Set parameter LicenseID to value 2758435
Set parameter LicenseID to value 2758435
Set parameter LicenseID to value 2758435
Set parameter LicenseID to value 2758435
Set parameter LicenseID to value 2758435
Set parameter LicenseID to value 2758435
Set parameter LicenseID to value 2758435
Set parameter LicenseID to value 2758435
Set parameter LicenseID to value 2758435
Set parameter LicenseID to value 2758435
Set parameter LicenseID to value 2758435
Set parameter LicenseID to value 2758435
Set parameter LicenseID to value 2758435
Set parameter LicenseID to value 2758435
Set parameter LicenseID to value 2758435
Set parameter LicenseID to value 2758435
Set parameter LicenseID to value 2758435
Set parameter LicenseID to value 2758435
Set parameter LicenseID to value 2758435
Set parameter LicenseID to value 2758435
Set parameter LicenseID to value 2758435
Set parameter LicenseID to value 2758435
Set parameter LicenseID to value 2758435
Set parameter LicenseID to value 2758435
Set parameter LicenseID to value 2758435
Set parameter LicenseID to value 2758435
Set parameter LicenseID to value 2758435
Set parameter LicenseID to value 2758435
Set parameter LicenseID to value 2758435
Set parameter LicenseID to value 2758435
Set parameter LicenseID to value 2758435
Set parameter LicenseID to value 2758435
Set parameter LicenseID to value 2758435
Set parameter LicenseID to value 2758435
Set parameter LicenseID to value 2758435
Set parameter LicenseID to value 2758435
Set parameter LicenseID to value 2758435
Set parameter LicenseID to value 2758435
Set parameter LicenseID to value 2758435
Set parameter LicenseID to value 2758435
Set parameter LicenseID to value 2758435
Set parameter LicenseID to value 2758435
Set parameter LicenseID to value 2758435
Set parameter LicenseID to value 2758435
Set parameter LicenseID to value 2758435
Set parameter LicenseID to value 2758435
Set parameter LicenseID to value 2758435
Set parameter LicenseID to value 2758435
Set parameter LicenseID to value 2758435
Set parameter LicenseID to value 2758435
Set parameter LicenseID to value 2758435
Set parameter LicenseID to value 2758435
Set parameter LicenseID to value 2758435
Set parameter LicenseID to value 2758435
Set parameter LicenseID to value 2758435
Set parameter LicenseID to value 2758435
Set parameter LicenseID to value 2758435
Set parameter LicenseID to value 2758435
Set parameter LicenseID to value 2758435
Set parameter LicenseID to value 2758435
Set parameter LicenseID to value 2758435
Set parameter LicenseID to value 2758435
Set parameter LicenseID to value 2758435
Set parameter LicenseID to value 2758435
Set parameter LicenseID to value 2758435
Set parameter LicenseID to value 2758435
Set parameter LicenseID to value 2758435
Set parameter LicenseID to value 2758435
Set parameter LicenseID to value 2758435
Set parameter LicenseID to value 2758435
Set parameter LicenseID to value 2758435
Set parameter LicenseID to value 2758435
Set parameter LicenseID to value 2758435
Set parameter LicenseID to value 2758435
Set parameter LicenseID to value 2758435
Set parameter LicenseID to value 2758435
Set parameter LicenseID to value 2758435
Set parameter LicenseID to value 2758435
Set parameter LicenseID to value 2758435
Set parameter LicenseID to value 2758435
Set parameter LicenseID to value 2758435
Set parameter LicenseID to value 2758435
Set parameter LicenseID to value 2758435
Set parameter LicenseID to value 2758435
Set parameter LicenseID to value 2758435
Set parameter LicenseID to value 2758435
Set parameter LicenseID to value 2758435
Set parameter LicenseID to value 2758435
Set parameter LicenseID to value 2758435
Set parameter LicenseID to value 2758435
Set parameter LicenseID to value 2758435
Set parameter LicenseID to value 2758435
Set parameter LicenseID to value 2758435
Set parameter LicenseID to value 2758435
Set parameter LicenseID to value 2758435
Set parameter LicenseID to value 2758435
Set parameter LicenseID to value 2758435
Set parameter LicenseID to value 2758435
Set parameter LicenseID to value 2758435
Set parameter LicenseID to value 2758435
Set parameter LicenseID to value 2758435
Set parameter LicenseID to value 2758435
Set parameter LicenseID to value 2758435
Set parameter LicenseID to value 2758435
Set parameter LicenseID to value 2758435
Set parameter LicenseID to value 2758435
Set parameter LicenseID to value 2758435
Set parameter LicenseID to value 2758435
Set parameter LicenseID to value 2758435
Set parameter LicenseID to value 2758435
Set parameter LicenseID to value 2758435
Set parameter LicenseID to value 2758435
Set parameter LicenseID to value 2758435
Set parameter LicenseID to value 2758435
Set parameter LicenseID to value 2758435
Set parameter LicenseID to value 2758435
Set parameter LicenseID to value 2758435
Set parameter LicenseID to value 2758435
Set parameter LicenseID to value 2758435
Set parameter LicenseID to value 2758435
Set parameter LicenseID to value 2758435
Set parameter LicenseID to value 2758435
Set parameter LicenseID to value 2758435
Set parameter LicenseID to value 2758435
Set parameter LicenseID to value 2758435
Set parameter LicenseID to value 2758435
Set parameter LicenseID to value 2758435
Set parameter LicenseID to value 2758435
Set parameter LicenseID to value 2758435
Set parameter LicenseID to value 2758435
Set parameter LicenseID to value 2758435
Set parameter LicenseID to value 2758435
Set parameter LicenseID to value 2758435
Set parameter LicenseID to value 2758435
Set parameter LicenseID to value 2758435
Set parameter LicenseID to value 2758435
Set parameter LicenseID to value 2758435
Set parameter LicenseID to value 2758435
Set parameter LicenseID to value 2758435
Set parameter LicenseID to value 2758435
Set parameter LicenseID to value 2758435
Set parameter LicenseID to value 2758435
Set parameter LicenseID to value 2758435
Set parameter LicenseID to value 2758435
Set parameter LicenseID to value 2758435
Set parameter LicenseID to value 2758435
Set parameter LicenseID to value 2758435
Set parameter LicenseID to value 2758435
Set parameter LicenseID to value 2758435
Set parameter LicenseID to value 2758435
Set parameter LicenseID to value 2758435
Set parameter LicenseID to value 2758435
Set parameter LicenseID to value 2758435
Set parameter LicenseID to value 2758435
Set parameter LicenseID to value 2758435
Set parameter LicenseID to value 2758435
Set parameter LicenseID to value 2758435
Set parameter LicenseID to value 2758435
Set parameter LicenseID to value 2758435
Set parameter LicenseID to value 2758435
Set parameter LicenseID to value 2758435
Set parameter LicenseID to value 2758435
Set parameter LicenseID to value 2758435
Set parameter LicenseID to value 2758435
Set parameter LicenseID to value 2758435
Set parameter LicenseID to value 2758435
Set parameter LicenseID to value 2758435
Set parameter LicenseID to value 2758435
Set parameter LicenseID to value 2758435
Set parameter LicenseID to value 2758435
Set parameter LicenseID to value 2758435
Set parameter LicenseID to value 2758435
Set parameter LicenseID to value 2758435
Set parameter LicenseID to value 2758435
Set parameter LicenseID to value 2758435
Set parameter LicenseID to value 2758435
Set parameter LicenseID to value 2758435
Set parameter LicenseID to value 2758435
Set parameter LicenseID to value 2758435
Set parameter LicenseID to value 2758435
Set parameter LicenseID to value 2758435
Set parameter LicenseID to value 2758435
Set parameter LicenseID to value 2758435
Set parameter LicenseID to value 2758435
Set parameter LicenseID to value 2758435
Set parameter LicenseID to value 2758435
Set parameter LicenseID to value 2758435
Set parameter LicenseID to value 2758435
Set parameter LicenseID to value 2758435
Set parameter LicenseID to value 2758435
Set parameter LicenseID to value 2758435
Set parameter LicenseID to value 2758435
Set parameter LicenseID to value 2758435
Set parameter LicenseID to value 2758435
Set parameter LicenseID to value 2758435
Set parameter LicenseID to value 2758435
Set parameter LicenseID to value 2758435
Set parameter LicenseID to value 2758435
Set parameter LicenseID to value 2758435
Set parameter LicenseID to value 2758435
Set parameter LicenseID to value 2758435
Set parameter LicenseID to value 2758435
Set parameter LicenseID to value 2758435
Set parameter LicenseID to value 2758435
Set parameter LicenseID to value 2758435
Set parameter LicenseID to value 2758435
Set parameter LicenseID to value 2758435
Set parameter LicenseID to value 2758435
Set parameter LicenseID to value 2758435
Set parameter LicenseID to value 2758435
Set parameter LicenseID to value 2758435
Set parameter LicenseID to value 2758435
Set parameter LicenseID to value 2758435
Set parameter LicenseID to value 2758435
Set parameter LicenseID to value 2758435
Set parameter LicenseID to value 2758435
Set parameter LicenseID to value 2758435
Set parameter LicenseID to value 2758435
Set parameter LicenseID to value 2758435
Set parameter LicenseID to value 2758435
Set parameter LicenseID to value 2758435
Set parameter LicenseID to value 2758435
Set parameter LicenseID to value 2758435
Set parameter LicenseID to value 2758435
Set parameter LicenseID to value 2758435
Set parameter LicenseID to value 2758435
Set parameter LicenseID to value 2758435
Set parameter LicenseID to value 2758435
Set parameter LicenseID to value 2758435
Set parameter LicenseID to value 2758435
Set parameter LicenseID to value 2758435
Set parameter LicenseID to value 2758435
Set parameter LicenseID to value 2758435
Set parameter LicenseID to value 2758435
Set parameter LicenseID to value 2758435
Set parameter LicenseID to value 2758435
Set parameter LicenseID to value 2758435
Set parameter LicenseID to value 2758435
Set parameter LicenseID to value 2758435
Set parameter LicenseID to value 2758435
Set parameter LicenseID to value 2758435
Set parameter LicenseID to value 2758435
Set parameter LicenseID to value 2758435
Set parameter LicenseID to value 2758435
Set parameter LicenseID to value 2758435
Set parameter LicenseID to value 2758435
Set parameter LicenseID to value 2758435
Set parameter LicenseID to value 2758435
Set parameter LicenseID to value 2758435
Set parameter LicenseID to value 2758435
Set parameter LicenseID to value 2758435
Set parameter LicenseID to value 2758435
Set parameter LicenseID to value 2758435
Set parameter LicenseID to value 2758435
Set parameter LicenseID to value 2758435
Set parameter LicenseID to value 2758435
Set parameter LicenseID to value 2758435
Set parameter LicenseID to value 2758435
Set parameter LicenseID to value 2758435
Set parameter LicenseID to value 2758435
Set parameter LicenseID to value 2758435
Set parameter LicenseID to value 2758435
Set parameter LicenseID to value 2758435
Set parameter LicenseID to value 2758435
Set parameter LicenseID to value 2758435
Set parameter LicenseID to value 2758435
Set parameter LicenseID to value 2758435
Set parameter LicenseID to value 2758435
Set parameter LicenseID to value 2758435
Set parameter LicenseID to value 2758435
Set parameter LicenseID to value 2758435
Set parameter LicenseID to value 2758435
Set parameter LicenseID to value 2758435
Set parameter LicenseID to value 2758435
Set parameter LicenseID to value 2758435
Set parameter LicenseID to value 2758435
Set parameter LicenseID to value 2758435
Set parameter LicenseID to value 2758435
Set parameter LicenseID to value 2758435
Set parameter LicenseID to value 2758435
Set parameter LicenseID to value 2758435
Set parameter LicenseID to value 2758435
Set parameter LicenseID to value 2758435
Set parameter LicenseID to value 2758435
Set parameter LicenseID to value 2758435
Set parameter LicenseID to value 2758435
Set parameter LicenseID to value 2758435
Set parameter LicenseID to value 2758435
Set parameter LicenseID to value 2758435
Set parameter LicenseID to value 2758435
Set parameter LicenseID to value 2758435
Set parameter LicenseID to value 2758435
Set parameter LicenseID to value 2758435
Set parameter LicenseID to value 2758435
Set parameter LicenseID to value 2758435
Set parameter LicenseID to value 2758435
Set parameter LicenseID to value 2758435
Set parameter LicenseID to value 2758435
Set parameter LicenseID to value 2758435
Set parameter LicenseID to value 2758435
Set parameter LicenseID to value 2758435
Set parameter LicenseID to value 2758435
Set parameter LicenseID to value 2758435
Set parameter LicenseID to value 2758435
Set parameter LicenseID to value 2758435
Set parameter LicenseID to value 2758435
Set parameter LicenseID to value 2758435
Set parameter LicenseID to value 2758435
Set parameter LicenseID to value 2758435
Set parameter LicenseID to value 2758435
Set parameter LicenseID to value 2758435
Set parameter LicenseID to value 2758435
Set parameter LicenseID to value 2758435
Set parameter LicenseID to value 2758435
Set parameter LicenseID to value 2758435
Set parameter LicenseID to value 2758435
Set parameter LicenseID to value 2758435
Set parameter LicenseID to value 2758435
Set parameter LicenseID to value 2758435
Set parameter LicenseID to value 2758435
Set parameter LicenseID to value 2758435
Set parameter LicenseID to value 2758435
Set parameter LicenseID to value 2758435
Set parameter LicenseID to value 2758435
Set parameter LicenseID to value 2758435
Set parameter LicenseID to value 2758435
Set parameter LicenseID to value 2758435
Set parameter LicenseID to value 2758435
Set parameter LicenseID to value 2758435
Set parameter LicenseID to value 2758435
Set parameter LicenseID to value 2758435
Set parameter LicenseID to value 2758435
Set parameter LicenseID to value 2758435
Set parameter LicenseID to value 2758435
Set parameter LicenseID to value 2758435
Set parameter LicenseID to value 2758435
Set parameter LicenseID to value 2758435
Set parameter LicenseID to value 2758435
Set parameter LicenseID to value 2758435
Set parameter LicenseID to value 2758435
Set parameter LicenseID to value 2758435
Set parameter LicenseID to value 2758435
Set parameter LicenseID to value 2758435
Set parameter LicenseID to value 2758435
Set parameter LicenseID to value 2758435
Set parameter LicenseID to value 2758435
Set parameter LicenseID to value 2758435
Set parameter LicenseID to value 2758435
Set parameter LicenseID to value 2758435
Set parameter LicenseID to value 2758435
Set parameter LicenseID to value 2758435
  round 151 ACCEPT: first-bit rank 204985 -> 204985  total_cost=0 changed=2 hots=2 scale=1
Set parameter LicenseID to value 2758435
Set parameter LicenseID to value 2758435
Set parameter LicenseID to value 2758435
Set parameter LicenseID to value 2758435
Set parameter LicenseID to value 2758435
Set parameter LicenseID to value 2758435
  round 152 ACCEPT: first-bit rank 204985 -> 204985  total_cost=0 changed=2 hots=2 scale=1
Set parameter LicenseID to value 2758435
Set parameter LicenseID to value 2758435
Set parameter LicenseID to value 2758435
Set parameter LicenseID to value 2758435
Set parameter LicenseID to value 2758435
Set parameter LicenseID to value 2758435
  round 153 ACCEPT: first-bit rank 204985 -> 204985  total_cost=0 changed=2 hots=2 scale=1
Set parameter LicenseID to value 2758435
Set parameter LicenseID to value 2758435
Set parameter LicenseID to value 2758435
Set parameter LicenseID to value 2758435
Set parameter LicenseID to value 2758435
Set parameter LicenseID to value 2758435
Set parameter LicenseID to value 2758435
Set parameter LicenseID to value 2758435
Set parameter LicenseID to value 2758435
Set parameter LicenseID to value 2758435
Set parameter LicenseID to value 2758435
Set parameter LicenseID to value 2758435
Set parameter LicenseID to value 2758435
Set parameter LicenseID to value 2758435
Set parameter LicenseID to value 2758435
Set parameter LicenseID to value 2758435
Set parameter LicenseID to value 2758435
Set parameter LicenseID to value 2758435
Set parameter LicenseID to value 2758435
Set parameter LicenseID to value 2758435
Set parameter LicenseID to value 2758435
Set parameter LicenseID to value 2758435
Set parameter LicenseID to value 2758435
Set parameter LicenseID to value 2758435
Set parameter LicenseID to value 2758435
Set parameter LicenseID to value 2758435
Set parameter LicenseID to value 2758435
Set parameter LicenseID to value 2758435
Set parameter LicenseID to value 2758435
Set parameter LicenseID to value 2758435
Set parameter LicenseID to value 2758435
Set parameter LicenseID to value 2758435
Set parameter LicenseID to value 2758435
Set parameter LicenseID to value 2758435
Set parameter LicenseID to value 2758435
Set parameter LicenseID to value 2758435
Set parameter LicenseID to value 2758435
Set parameter LicenseID to value 2758435
Set parameter LicenseID to value 2758435
Set parameter LicenseID to value 2758435
Set parameter LicenseID to value 2758435
Set parameter LicenseID to value 2758435
Set parameter LicenseID to value 2758435
Set parameter LicenseID to value 2758435
Set parameter LicenseID to value 2758435
Set parameter LicenseID to value 2758435
Set parameter LicenseID to value 2758435
Set parameter LicenseID to value 2758435
Set parameter LicenseID to value 2758435
Set parameter LicenseID to value 2758435
Set parameter LicenseID to value 2758435
Set parameter LicenseID to value 2758435
Set parameter LicenseID to value 2758435
Set parameter LicenseID to value 2758435
Set parameter LicenseID to value 2758435
Set parameter LicenseID to value 2758435
Set parameter LicenseID to value 2758435
Set parameter LicenseID to value 2758435
Set parameter LicenseID to value 2758435
Set parameter LicenseID to value 2758435
Set parameter LicenseID to value 2758435
Set parameter LicenseID to value 2758435
Set parameter LicenseID to value 2758435
Set parameter LicenseID to value 2758435
Set parameter LicenseID to value 2758435
Set parameter LicenseID to value 2758435
Set parameter LicenseID to value 2758435
Set parameter LicenseID to value 2758435
Set parameter LicenseID to value 2758435
Set parameter LicenseID to value 2758435
Set parameter LicenseID to value 2758435
Set parameter LicenseID to value 2758435
Set parameter LicenseID to value 2758435
Set parameter LicenseID to value 2758435
Set parameter LicenseID to value 2758435
Set parameter LicenseID to value 2758435
Set parameter LicenseID to value 2758435
Set parameter LicenseID to value 2758435
Set parameter LicenseID to value 2758435
Set parameter LicenseID to value 2758435
Set parameter LicenseID to value 2758435
Set parameter LicenseID to value 2758435
Set parameter LicenseID to value 2758435
Set parameter LicenseID to value 2758435
Set parameter LicenseID to value 2758435
Set parameter LicenseID to value 2758435
Set parameter LicenseID to value 2758435
Set parameter LicenseID to value 2758435
Set parameter LicenseID to value 2758435
Set parameter LicenseID to value 2758435
  round 168 ACCEPT: first-bit rank 204985 -> 204985  total_cost=0 changed=2 hots=2 scale=1
Set parameter LicenseID to value 2758435
Set parameter LicenseID to value 2758435
Set parameter LicenseID to value 2758435
Set parameter LicenseID to value 2758435
Set parameter LicenseID to value 2758435
Set parameter LicenseID to value 2758435
Set parameter LicenseID to value 2758435
Set parameter LicenseID to value 2758435
Set parameter LicenseID to value 2758435
Set parameter LicenseID to value 2758435
Set parameter LicenseID to value 2758435
Set parameter LicenseID to value 2758435
Set parameter LicenseID to value 2758435
Set parameter LicenseID to value 2758435
Set parameter LicenseID to value 2758435
Set parameter LicenseID to value 2758435
Set parameter LicenseID to value 2758435
Set parameter LicenseID to value 2758435
Set parameter LicenseID to value 2758435
Set parameter LicenseID to value 2758435
Set parameter LicenseID to value 2758435
Set parameter LicenseID to value 2758435
Set parameter LicenseID to value 2758435
Set parameter LicenseID to value 2758435
Set parameter LicenseID to value 2758435
Set parameter LicenseID to value 2758435
Set parameter LicenseID to value 2758435
Set parameter LicenseID to value 2758435
Set parameter LicenseID to value 2758435
Set parameter LicenseID to value 2758435
Set parameter LicenseID to value 2758435
Set parameter LicenseID to value 2758435
Set parameter LicenseID to value 2758435
Set parameter LicenseID to value 2758435
Set parameter LicenseID to value 2758435
Set parameter LicenseID to value 2758435
Set parameter LicenseID to value 2758435
Set parameter LicenseID to value 2758435
Set parameter LicenseID to value 2758435
Set parameter LicenseID to value 2758435
Set parameter LicenseID to value 2758435
Set parameter LicenseID to value 2758435
Set parameter LicenseID to value 2758435
Set parameter LicenseID to value 2758435
Set parameter LicenseID to value 2758435
Set parameter LicenseID to value 2758435
Set parameter LicenseID to value 2758435
Set parameter LicenseID to value 2758435
Set parameter LicenseID to value 2758435
Set parameter LicenseID to value 2758435
Set parameter LicenseID to value 2758435
Set parameter LicenseID to value 2758435
Set parameter LicenseID to value 2758435
Set parameter LicenseID to value 2758435
Set parameter LicenseID to value 2758435
Set parameter LicenseID to value 2758435
Set parameter LicenseID to value 2758435
Set parameter LicenseID to value 2758435
Set parameter LicenseID to value 2758435
Set parameter LicenseID to value 2758435
Set parameter LicenseID to value 2758435
Set parameter LicenseID to value 2758435
Set parameter LicenseID to value 2758435
Set parameter LicenseID to value 2758435
Set parameter LicenseID to value 2758435
Set parameter LicenseID to value 2758435
Set parameter LicenseID to value 2758435
Set parameter LicenseID to value 2758435
Set parameter LicenseID to value 2758435
Set parameter LicenseID to value 2758435
Set parameter LicenseID to value 2758435
Set parameter LicenseID to value 2758435
Set parameter LicenseID to value 2758435
Set parameter LicenseID to value 2758435
Set parameter LicenseID to value 2758435
Set parameter LicenseID to value 2758435
Set parameter LicenseID to value 2758435
Set parameter LicenseID to value 2758435
Set parameter LicenseID to value 2758435
Set parameter LicenseID to value 2758435
Set parameter LicenseID to value 2758435
Set parameter LicenseID to value 2758435
Set parameter LicenseID to value 2758435
Set parameter LicenseID to value 2758435
Set parameter LicenseID to value 2758435
Set parameter LicenseID to value 2758435
Set parameter LicenseID to value 2758435
Set parameter LicenseID to value 2758435
Set parameter LicenseID to value 2758435
Set parameter LicenseID to value 2758435
Set parameter LicenseID to value 2758435
Set parameter LicenseID to value 2758435
Set parameter LicenseID to value 2758435
Set parameter LicenseID to value 2758435
Set parameter LicenseID to value 2758435
Set parameter LicenseID to value 2758435
Set parameter LicenseID to value 2758435
Set parameter LicenseID to value 2758435
Set parameter LicenseID to value 2758435
Set parameter LicenseID to value 2758435
Set parameter LicenseID to value 2758435
Set parameter LicenseID to value 2758435
Set parameter LicenseID to value 2758435
Set parameter LicenseID to value 2758435
Set parameter LicenseID to value 2758435
Set parameter LicenseID to value 2758435
Set parameter LicenseID to value 2758435
Set parameter LicenseID to value 2758435
Set parameter LicenseID to value 2758435
Set parameter LicenseID to value 2758435
Set parameter LicenseID to value 2758435
Set parameter LicenseID to value 2758435
Set parameter LicenseID to value 2758435
Set parameter LicenseID to value 2758435
Set parameter LicenseID to value 2758435
Set parameter LicenseID to value 2758435
Set parameter LicenseID to value 2758435
Set parameter LicenseID to value 2758435
Set parameter LicenseID to value 2758435
Set parameter LicenseID to value 2758435
Set parameter LicenseID to value 2758435
Set parameter LicenseID to value 2758435
Set parameter LicenseID to value 2758435
Set parameter LicenseID to value 2758435
Set parameter LicenseID to value 2758435
Set parameter LicenseID to value 2758435
Set parameter LicenseID to value 2758435
Set parameter LicenseID to value 2758435
Set parameter LicenseID to value 2758435
Set parameter LicenseID to value 2758435
Set parameter LicenseID to value 2758435
Set parameter LicenseID to value 2758435
Set parameter LicenseID to value 2758435
Set parameter LicenseID to value 2758435
Set parameter LicenseID to value 2758435
Set parameter LicenseID to value 2758435
Set parameter LicenseID to value 2758435
Set parameter LicenseID to value 2758435
Set parameter LicenseID to value 2758435
Set parameter LicenseID to value 2758435
Set parameter LicenseID to value 2758435
Set parameter LicenseID to value 2758435
Set parameter LicenseID to value 2758435
Set parameter LicenseID to value 2758435
Set parameter LicenseID to value 2758435
Set parameter LicenseID to value 2758435
Set parameter LicenseID to value 2758435
Set parameter LicenseID to value 2758435
Set parameter LicenseID to value 2758435
Set parameter LicenseID to value 2758435
Set parameter LicenseID to value 2758435
Set parameter LicenseID to value 2758435
Set parameter LicenseID to value 2758435
Set parameter LicenseID to value 2758435
Set parameter LicenseID to value 2758435
Set parameter LicenseID to value 2758435
Set parameter LicenseID to value 2758435
Set parameter LicenseID to value 2758435
Set parameter LicenseID to value 2758435
Set parameter LicenseID to value 2758435
Set parameter LicenseID to value 2758435
Set parameter LicenseID to value 2758435
  round 195 ACCEPT: first-bit rank 204985 -> 204985  total_cost=0 changed=2 hots=1 scale=1
Set parameter LicenseID to value 2758435
Set parameter LicenseID to value 2758435
Set parameter LicenseID to value 2758435
Set parameter LicenseID to value 2758435
Set parameter LicenseID to value 2758435
Set parameter LicenseID to value 2758435
Set parameter LicenseID to value 2758435
Set parameter LicenseID to value 2758435
Set parameter LicenseID to value 2758435
Set parameter LicenseID to value 2758435
Set parameter LicenseID to value 2758435
Set parameter LicenseID to value 2758435
Set parameter LicenseID to value 2758435
Set parameter LicenseID to value 2758435
Set parameter LicenseID to value 2758435
Set parameter LicenseID to value 2758435
Set parameter LicenseID to value 2758435
Set parameter LicenseID to value 2758435
Set parameter LicenseID to value 2758435
Set parameter LicenseID to value 2758435
Set parameter LicenseID to value 2758435
Set parameter LicenseID to value 2758435
Set parameter LicenseID to value 2758435
Set parameter LicenseID to value 2758435
Set parameter LicenseID to value 2758435
Set parameter LicenseID to value 2758435
Set parameter LicenseID to value 2758435
Set parameter LicenseID to value 2758435
Set parameter LicenseID to value 2758435
Set parameter LicenseID to value 2758435
Set parameter LicenseID to value 2758435
Set parameter LicenseID to value 2758435
Set parameter LicenseID to value 2758435
Set parameter LicenseID to value 2758435
Set parameter LicenseID to value 2758435
Set parameter LicenseID to value 2758435
Set parameter LicenseID to value 2758435
Set parameter LicenseID to value 2758435
Set parameter LicenseID to value 2758435
Set parameter LicenseID to value 2758435
Set parameter LicenseID to value 2758435
Set parameter LicenseID to value 2758435
Set parameter LicenseID to value 2758435
Set parameter LicenseID to value 2758435
Set parameter LicenseID to value 2758435
Set parameter LicenseID to value 2758435
Set parameter LicenseID to value 2758435
Set parameter LicenseID to value 2758435
Set parameter LicenseID to value 2758435
Set parameter LicenseID to value 2758435
Set parameter LicenseID to value 2758435
Set parameter LicenseID to value 2758435
Set parameter LicenseID to value 2758435
Set parameter LicenseID to value 2758435
Set parameter LicenseID to value 2758435
Set parameter LicenseID to value 2758435
Set parameter LicenseID to value 2758435
Set parameter LicenseID to value 2758435
Set parameter LicenseID to value 2758435
Set parameter LicenseID to value 2758435
Set parameter LicenseID to value 2758435
Set parameter LicenseID to value 2758435
Set parameter LicenseID to value 2758435
Set parameter LicenseID to value 2758435
Set parameter LicenseID to value 2758435
Set parameter LicenseID to value 2758435
Set parameter LicenseID to value 2758435
Set parameter LicenseID to value 2758435
Set parameter LicenseID to value 2758435
Set parameter LicenseID to value 2758435
Set parameter LicenseID to value 2758435
Set parameter LicenseID to value 2758435
Set parameter LicenseID to value 2758435
Set parameter LicenseID to value 2758435
Set parameter LicenseID to value 2758435
Set parameter LicenseID to value 2758435
Set parameter LicenseID to value 2758435
Set parameter LicenseID to value 2758435
Set parameter LicenseID to value 2758435
Set parameter LicenseID to value 2758435
Set parameter LicenseID to value 2758435
Set parameter LicenseID to value 2758435
Set parameter LicenseID to value 2758435
Set parameter LicenseID to value 2758435
Set parameter LicenseID to value 2758435
Set parameter LicenseID to value 2758435
Set parameter LicenseID to value 2758435
Set parameter LicenseID to value 2758435
Set parameter LicenseID to value 2758435
Set parameter LicenseID to value 2758435
Set parameter LicenseID to value 2758435
Set parameter LicenseID to value 2758435
Set parameter LicenseID to value 2758435
Set parameter LicenseID to value 2758435
Set parameter LicenseID to value 2758435
Set parameter LicenseID to value 2758435
Set parameter LicenseID to value 2758435
Set parameter LicenseID to value 2758435
Set parameter LicenseID to value 2758435
Set parameter LicenseID to value 2758435
Set parameter LicenseID to value 2758435
Set parameter LicenseID to value 2758435
Set parameter LicenseID to value 2758435
Set parameter LicenseID to value 2758435
Set parameter LicenseID to value 2758435
Set parameter LicenseID to value 2758435
Set parameter LicenseID to value 2758435
Set parameter LicenseID to value 2758435
Set parameter LicenseID to value 2758435
Set parameter LicenseID to value 2758435
Set parameter LicenseID to value 2758435
Set parameter LicenseID to value 2758435
Set parameter LicenseID to value 2758435
Set parameter LicenseID to value 2758435
Set parameter LicenseID to value 2758435
Set parameter LicenseID to value 2758435
Set parameter LicenseID to value 2758435
Set parameter LicenseID to value 2758435
Set parameter LicenseID to value 2758435
Set parameter LicenseID to value 2758435
Set parameter LicenseID to value 2758435
Set parameter LicenseID to value 2758435
Set parameter LicenseID to value 2758435
Set parameter LicenseID to value 2758435
Set parameter LicenseID to value 2758435
Set parameter LicenseID to value 2758435
Set parameter LicenseID to value 2758435
Set parameter LicenseID to value 2758435
Set parameter LicenseID to value 2758435
Set parameter LicenseID to value 2758435
Set parameter LicenseID to value 2758435
Set parameter LicenseID to value 2758435
Set parameter LicenseID to value 2758435
Set parameter LicenseID to value 2758435
Set parameter LicenseID to value 2758435
Set parameter LicenseID to value 2758435
Set parameter LicenseID to value 2758435
Set parameter LicenseID to value 2758435
Set parameter LicenseID to value 2758435
Set parameter LicenseID to value 2758435
Set parameter LicenseID to value 2758435
Set parameter LicenseID to value 2758435
Set parameter LicenseID to value 2758435
Set parameter LicenseID to value 2758435
Set parameter LicenseID to value 2758435
Set parameter LicenseID to value 2758435
Set parameter LicenseID to value 2758435
Set parameter LicenseID to value 2758435
Set parameter LicenseID to value 2758435
Set parameter LicenseID to value 2758435
Set parameter LicenseID to value 2758435
Set parameter LicenseID to value 2758435
Set parameter LicenseID to value 2758435
Set parameter LicenseID to value 2758435
Set parameter LicenseID to value 2758435
Set parameter LicenseID to value 2758435
Set parameter LicenseID to value 2758435
Set parameter LicenseID to value 2758435
Set parameter LicenseID to value 2758435
Set parameter LicenseID to value 2758435
Set parameter LicenseID to value 2758435
Set parameter LicenseID to value 2758435
Set parameter LicenseID to value 2758435
Set parameter LicenseID to value 2758435
Set parameter LicenseID to value 2758435
Set parameter LicenseID to value 2758435
Set parameter LicenseID to value 2758435
Set parameter LicenseID to value 2758435
Set parameter LicenseID to value 2758435
Set parameter LicenseID to value 2758435
Set parameter LicenseID to value 2758435
Set parameter LicenseID to value 2758435
Set parameter LicenseID to value 2758435
Set parameter LicenseID to value 2758435
Set parameter LicenseID to value 2758435
Set parameter LicenseID to value 2758435
Set parameter LicenseID to value 2758435
Set parameter LicenseID to value 2758435
Set parameter LicenseID to value 2758435
Set parameter LicenseID to value 2758435
Set parameter LicenseID to value 2758435
Set parameter LicenseID to value 2758435
Set parameter LicenseID to value 2758435
Set parameter LicenseID to value 2758435
Set parameter LicenseID to value 2758435
Set parameter LicenseID to value 2758435
Set parameter LicenseID to value 2758435
Set parameter LicenseID to value 2758435
Set parameter LicenseID to value 2758435
Set parameter LicenseID to value 2758435
Set parameter LicenseID to value 2758435
Set parameter LicenseID to value 2758435
Set parameter LicenseID to value 2758435
Set parameter LicenseID to value 2758435
Set parameter LicenseID to value 2758435
Set parameter LicenseID to value 2758435
Set parameter LicenseID to value 2758435
Set parameter LicenseID to value 2758435
Set parameter LicenseID to value 2758435
Set parameter LicenseID to value 2758435
Set parameter LicenseID to value 2758435
Set parameter LicenseID to value 2758435
Set parameter LicenseID to value 2758435
Set parameter LicenseID to value 2758435
Set parameter LicenseID to value 2758435
Set parameter LicenseID to value 2758435
Set parameter LicenseID to value 2758435
Set parameter LicenseID to value 2758435
Set parameter LicenseID to value 2758435
Set parameter LicenseID to value 2758435
Set parameter LicenseID to value 2758435
Set parameter LicenseID to value 2758435
Set parameter LicenseID to value 2758435
Set parameter LicenseID to value 2758435
Set parameter LicenseID to value 2758435
Set parameter LicenseID to value 2758435
Set parameter LicenseID to value 2758435
Set parameter LicenseID to value 2758435
Set parameter LicenseID to value 2758435
Set parameter LicenseID to value 2758435
Set parameter LicenseID to value 2758435
Set parameter LicenseID to value 2758435
Set parameter LicenseID to value 2758435
Set parameter LicenseID to value 2758435
Set parameter LicenseID to value 2758435
Set parameter LicenseID to value 2758435
Set parameter LicenseID to value 2758435
Set parameter LicenseID to value 2758435
Set parameter LicenseID to value 2758435
Set parameter LicenseID to value 2758435
Set parameter LicenseID to value 2758435
Set parameter LicenseID to value 2758435
Set parameter LicenseID to value 2758435
Set parameter LicenseID to value 2758435
  round 234 ACCEPT: first-bit rank 204985 -> 204985  total_cost=0 changed=2 hots=1 scale=1
Set parameter LicenseID to value 2758435
Set parameter LicenseID to value 2758435
Set parameter LicenseID to value 2758435
Set parameter LicenseID to value 2758435
Set parameter LicenseID to value 2758435
Set parameter LicenseID to value 2758435
Set parameter LicenseID to value 2758435
Set parameter LicenseID to value 2758435
Set parameter LicenseID to value 2758435
Set parameter LicenseID to value 2758435
Set parameter LicenseID to value 2758435
Set parameter LicenseID to value 2758435
Set parameter LicenseID to value 2758435
Set parameter LicenseID to value 2758435
Set parameter LicenseID to value 2758435
Set parameter LicenseID to value 2758435
Set parameter LicenseID to value 2758435
Set parameter LicenseID to value 2758435
Set parameter LicenseID to value 2758435
Set parameter LicenseID to value 2758435
Set parameter LicenseID to value 2758435
Set parameter LicenseID to value 2758435
Set parameter LicenseID to value 2758435
Set parameter LicenseID to value 2758435
Set parameter LicenseID to value 2758435
Set parameter LicenseID to value 2758435
Set parameter LicenseID to value 2758435
Set parameter LicenseID to value 2758435
Set parameter LicenseID to value 2758435
Set parameter LicenseID to value 2758435
Set parameter LicenseID to value 2758435
Set parameter LicenseID to value 2758435
Set parameter LicenseID to value 2758435
Set parameter LicenseID to value 2758435
Set parameter LicenseID to value 2758435
Set parameter LicenseID to value 2758435
Set parameter LicenseID to value 2758435
Set parameter LicenseID to value 2758435
Set parameter LicenseID to value 2758435
Set parameter LicenseID to value 2758435
Set parameter LicenseID to value 2758435
Set parameter LicenseID to value 2758435
Set parameter LicenseID to value 2758435
Set parameter LicenseID to value 2758435
Set parameter LicenseID to value 2758435
Set parameter LicenseID to value 2758435
Set parameter LicenseID to value 2758435
Set parameter LicenseID to value 2758435
Set parameter LicenseID to value 2758435
Set parameter LicenseID to value 2758435
Set parameter LicenseID to value 2758435
Set parameter LicenseID to value 2758435
Set parameter LicenseID to value 2758435
Set parameter LicenseID to value 2758435
Set parameter LicenseID to value 2758435
Set parameter LicenseID to value 2758435
Set parameter LicenseID to value 2758435
Set parameter LicenseID to value 2758435
Set parameter LicenseID to value 2758435
Set parameter LicenseID to value 2758435
Set parameter LicenseID to value 2758435
Set parameter LicenseID to value 2758435
Set parameter LicenseID to value 2758435
Set parameter LicenseID to value 2758435
Set parameter LicenseID to value 2758435
Set parameter LicenseID to value 2758435
  round 245 ACCEPT: first-bit rank 204985 -> 204985  total_cost=0 changed=2 hots=1 scale=1
Set parameter LicenseID to value 2758435
Set parameter LicenseID to value 2758435
Set parameter LicenseID to value 2758435
Set parameter LicenseID to value 2758435
Set parameter LicenseID to value 2758435
Set parameter LicenseID to value 2758435
Set parameter LicenseID to value 2758435
Set parameter LicenseID to value 2758435
Set parameter LicenseID to value 2758435
Set parameter LicenseID to value 2758435
Set parameter LicenseID to value 2758435
Set parameter LicenseID to value 2758435
Set parameter LicenseID to value 2758435
Set parameter LicenseID to value 2758435
Set parameter LicenseID to value 2758435
Set parameter LicenseID to value 2758435
Set parameter LicenseID to value 2758435
Set parameter LicenseID to value 2758435
Set parameter LicenseID to value 2758435
Set parameter LicenseID to value 2758435
Set parameter LicenseID to value 2758435
Set parameter LicenseID to value 2758435
Set parameter LicenseID to value 2758435
Set parameter LicenseID to value 2758435
Set parameter LicenseID to value 2758435
Set parameter LicenseID to value 2758435
Set parameter LicenseID to value 2758435
Set parameter LicenseID to value 2758435
Set parameter LicenseID to value 2758435
Set parameter LicenseID to value 2758435
Set parameter LicenseID to value 2758435
Set parameter LicenseID to value 2758435
Set parameter LicenseID to value 2758435
Set parameter LicenseID to value 2758435
Set parameter LicenseID to value 2758435
Set parameter LicenseID to value 2758435
Set parameter LicenseID to value 2758435
Set parameter LicenseID to value 2758435
Set parameter LicenseID to value 2758435
Set parameter LicenseID to value 2758435
Set parameter LicenseID to value 2758435
Set parameter LicenseID to value 2758435
Set parameter LicenseID to value 2758435
Set parameter LicenseID to value 2758435
Set parameter LicenseID to value 2758435
Set parameter LicenseID to value 2758435
Set parameter LicenseID to value 2758435
Set parameter LicenseID to value 2758435
Set parameter LicenseID to value 2758435
Set parameter LicenseID to value 2758435
Set parameter LicenseID to value 2758435
Set parameter LicenseID to value 2758435
Set parameter LicenseID to value 2758435
Set parameter LicenseID to value 2758435
Set parameter LicenseID to value 2758435
Set parameter LicenseID to value 2758435
Set parameter LicenseID to value 2758435
Set parameter LicenseID to value 2758435
Set parameter LicenseID to value 2758435
Set parameter LicenseID to value 2758435
Set parameter LicenseID to value 2758435
Set parameter LicenseID to value 2758435
Set parameter LicenseID to value 2758435
Set parameter LicenseID to value 2758435
Set parameter LicenseID to value 2758435
Set parameter LicenseID to value 2758435
Set parameter LicenseID to value 2758435
Set parameter LicenseID to value 2758435
Set parameter LicenseID to value 2758435
Set parameter LicenseID to value 2758435
Set parameter LicenseID to value 2758435
Set parameter LicenseID to value 2758435
Set parameter LicenseID to value 2758435
Set parameter LicenseID to value 2758435
Set parameter LicenseID to value 2758435
Set parameter LicenseID to value 2758435
Set parameter LicenseID to value 2758435
Set parameter LicenseID to value 2758435
Set parameter LicenseID to value 2758435
Set parameter LicenseID to value 2758435
Set parameter LicenseID to value 2758435
Set parameter LicenseID to value 2758435
Set parameter LicenseID to value 2758435
Set parameter LicenseID to value 2758435
Set parameter LicenseID to value 2758435
Set parameter LicenseID to value 2758435
Set parameter LicenseID to value 2758435
Set parameter LicenseID to value 2758435
Set parameter LicenseID to value 2758435
Set parameter LicenseID to value 2758435
Set parameter LicenseID to value 2758435
Set parameter LicenseID to value 2758435
Set parameter LicenseID to value 2758435
Set parameter LicenseID to value 2758435
Set parameter LicenseID to value 2758435
Set parameter LicenseID to value 2758435
Set parameter LicenseID to value 2758435
Set parameter LicenseID to value 2758435
Set parameter LicenseID to value 2758435
Set parameter LicenseID to value 2758435
Set parameter LicenseID to value 2758435
Set parameter LicenseID to value 2758435
Set parameter LicenseID to value 2758435
Set parameter LicenseID to value 2758435
Set parameter LicenseID to value 2758435
Set parameter LicenseID to value 2758435
Set parameter LicenseID to value 2758435
Set parameter LicenseID to value 2758435
Set parameter LicenseID to value 2758435
Set parameter LicenseID to value 2758435
Set parameter LicenseID to value 2758435
Set parameter LicenseID to value 2758435
Set parameter LicenseID to value 2758435
Set parameter LicenseID to value 2758435
Set parameter LicenseID to value 2758435
Set parameter LicenseID to value 2758435
Set parameter LicenseID to value 2758435
Set parameter LicenseID to value 2758435
Set parameter LicenseID to value 2758435
Set parameter LicenseID to value 2758435
Set parameter LicenseID to value 2758435
Set parameter LicenseID to value 2758435
Set parameter LicenseID to value 2758435
Set parameter LicenseID to value 2758435
Set parameter LicenseID to value 2758435
Set parameter LicenseID to value 2758435
Set parameter LicenseID to value 2758435
Set parameter LicenseID to value 2758435
Set parameter LicenseID to value 2758435
Set parameter LicenseID to value 2758435
Set parameter LicenseID to value 2758435
Set parameter LicenseID to value 2758435
Set parameter LicenseID to value 2758435
Set parameter LicenseID to value 2758435
Set parameter LicenseID to value 2758435
Set parameter LicenseID to value 2758435
Set parameter LicenseID to value 2758435
Set parameter LicenseID to value 2758435
Set parameter LicenseID to value 2758435
Set parameter LicenseID to value 2758435
Set parameter LicenseID to value 2758435
Set parameter LicenseID to value 2758435
Set parameter LicenseID to value 2758435
Set parameter LicenseID to value 2758435
Set parameter LicenseID to value 2758435
Set parameter LicenseID to value 2758435
Set parameter LicenseID to value 2758435
Set parameter LicenseID to value 2758435
Set parameter LicenseID to value 2758435
Set parameter LicenseID to value 2758435
Set parameter LicenseID to value 2758435
Set parameter LicenseID to value 2758435
Set parameter LicenseID to value 2758435
Set parameter LicenseID to value 2758435
Set parameter LicenseID to value 2758435
Set parameter LicenseID to value 2758435
Set parameter LicenseID to value 2758435
Set parameter LicenseID to value 2758435
Set parameter LicenseID to value 2758435
Set parameter LicenseID to value 2758435
Set parameter LicenseID to value 2758435
Set parameter LicenseID to value 2758435
Set parameter LicenseID to value 2758435
Set parameter LicenseID to value 2758435
Set parameter LicenseID to value 2758435
Set parameter LicenseID to value 2758435
Set parameter LicenseID to value 2758435
Set parameter LicenseID to value 2758435
Set parameter LicenseID to value 2758435
Set parameter LicenseID to value 2758435
Set parameter LicenseID to value 2758435
Set parameter LicenseID to value 2758435
Set parameter LicenseID to value 2758435
Set parameter LicenseID to value 2758435
Set parameter LicenseID to value 2758435
Set parameter LicenseID to value 2758435
Set parameter LicenseID to value 2758435
Set parameter LicenseID to value 2758435
Set parameter LicenseID to value 2758435
Set parameter LicenseID to value 2758435
Set parameter LicenseID to value 2758435
Set parameter LicenseID to value 2758435
Set parameter LicenseID to value 2758435
Set parameter LicenseID to value 2758435
Set parameter LicenseID to value 2758435
Set parameter LicenseID to value 2758435
Set parameter LicenseID to value 2758435
Set parameter LicenseID to value 2758435
Set parameter LicenseID to value 2758435
Set parameter LicenseID to value 2758435
Set parameter LicenseID to value 2758435
Set parameter LicenseID to value 2758435
Set parameter LicenseID to value 2758435
Set parameter LicenseID to value 2758435
Set parameter LicenseID to value 2758435
Set parameter LicenseID to value 2758435
Set parameter LicenseID to value 2758435
Set parameter LicenseID to value 2758435
Set parameter LicenseID to value 2758435
Set parameter LicenseID to value 2758435
Set parameter LicenseID to value 2758435
Set parameter LicenseID to value 2758435
Set parameter LicenseID to value 2758435
Set parameter LicenseID to value 2758435
Set parameter LicenseID to value 2758435
Set parameter LicenseID to value 2758435
Set parameter LicenseID to value 2758435
Set parameter LicenseID to value 2758435
Set parameter LicenseID to value 2758435
Set parameter LicenseID to value 2758435
Set parameter LicenseID to value 2758435
Set parameter LicenseID to value 2758435
Set parameter LicenseID to value 2758435
Set parameter LicenseID to value 2758435
Set parameter LicenseID to value 2758435
Set parameter LicenseID to value 2758435
Set parameter LicenseID to value 2758435
Set parameter LicenseID to value 2758435
Set parameter LicenseID to value 2758435
Set parameter LicenseID to value 2758435
Set parameter LicenseID to value 2758435
Set parameter LicenseID to value 2758435
Set parameter LicenseID to value 2758435
Set parameter LicenseID to value 2758435
Set parameter LicenseID to value 2758435
Set parameter LicenseID to value 2758435
Set parameter LicenseID to value 2758435
Set parameter LicenseID to value 2758435
Set parameter LicenseID to value 2758435
Set parameter LicenseID to value 2758435
Set parameter LicenseID to value 2758435
Set parameter LicenseID to value 2758435
Set parameter LicenseID to value 2758435
Set parameter LicenseID to value 2758435
Set parameter LicenseID to value 2758435
Set parameter LicenseID to value 2758435
Set parameter LicenseID to value 2758435
Set parameter LicenseID to value 2758435
Set parameter LicenseID to value 2758435
Set parameter LicenseID to value 2758435
Set parameter LicenseID to value 2758435
Set parameter LicenseID to value 2758435
Set parameter LicenseID to value 2758435
Set parameter LicenseID to value 2758435
Set parameter LicenseID to value 2758435
Set parameter LicenseID to value 2758435
Set parameter LicenseID to value 2758435
Set parameter LicenseID to value 2758435
Set parameter LicenseID to value 2758435
Set parameter LicenseID to value 2758435
Set parameter LicenseID to value 2758435
Set parameter LicenseID to value 2758435
Set parameter LicenseID to value 2758435
Set parameter LicenseID to value 2758435
Set parameter LicenseID to value 2758435
Set parameter LicenseID to value 2758435
Set parameter LicenseID to value 2758435
Set parameter LicenseID to value 2758435
Set parameter LicenseID to value 2758435
Set parameter LicenseID to value 2758435
Set parameter LicenseID to value 2758435
Set parameter LicenseID to value 2758435
Set parameter LicenseID to value 2758435
Set parameter LicenseID to value 2758435
Set parameter LicenseID to value 2758435
Set parameter LicenseID to value 2758435
Set parameter LicenseID to value 2758435
Set parameter LicenseID to value 2758435
Set parameter LicenseID to value 2758435
Set parameter LicenseID to value 2758435
Set parameter LicenseID to value 2758435
Set parameter LicenseID to value 2758435
Set parameter LicenseID to value 2758435
Set parameter LicenseID to value 2758435
Set parameter LicenseID to value 2758435
Set parameter LicenseID to value 2758435
Set parameter LicenseID to value 2758435
Set parameter LicenseID to value 2758435
Set parameter LicenseID to value 2758435
Set parameter LicenseID to value 2758435
Set parameter LicenseID to value 2758435
Set parameter LicenseID to value 2758435
Set parameter LicenseID to value 2758435
Set parameter LicenseID to value 2758435
Set parameter LicenseID to value 2758435
Set parameter LicenseID to value 2758435
Set parameter LicenseID to value 2758435
Set parameter LicenseID to value 2758435
Set parameter LicenseID to value 2758435
Set parameter LicenseID to value 2758435
Set parameter LicenseID to value 2758435
Set parameter LicenseID to value 2758435
Set parameter LicenseID to value 2758435
Set parameter LicenseID to value 2758435
Set parameter LicenseID to value 2758435
Set parameter LicenseID to value 2758435
Set parameter LicenseID to value 2758435
Set parameter LicenseID to value 2758435
Set parameter LicenseID to value 2758435
Set parameter LicenseID to value 2758435
Set parameter LicenseID to value 2758435
Set parameter LicenseID to value 2758435
Set parameter LicenseID to value 2758435
Set parameter LicenseID to value 2758435
Set parameter LicenseID to value 2758435
Set parameter LicenseID to value 2758435
Set parameter LicenseID to value 2758435
Set parameter LicenseID to value 2758435
Set parameter LicenseID to value 2758435
Set parameter LicenseID to value 2758435
Set parameter LicenseID to value 2758435
Set parameter LicenseID to value 2758435
Set parameter LicenseID to value 2758435
Set parameter LicenseID to value 2758435
Set parameter LicenseID to value 2758435
Set parameter LicenseID to value 2758435
Set parameter LicenseID to value 2758435
Set parameter LicenseID to value 2758435
Set parameter LicenseID to value 2758435
Set parameter LicenseID to value 2758435
Set parameter LicenseID to value 2758435
Set parameter LicenseID to value 2758435
Set parameter LicenseID to value 2758435
Set parameter LicenseID to value 2758435
Set parameter LicenseID to value 2758435
Set parameter LicenseID to value 2758435
Set parameter LicenseID to value 2758435
Set parameter LicenseID to value 2758435
Set parameter LicenseID to value 2758435
Set parameter LicenseID to value 2758435
Set parameter LicenseID to value 2758435
Set parameter LicenseID to value 2758435
Set parameter LicenseID to value 2758435
Set parameter LicenseID to value 2758435
Set parameter LicenseID to value 2758435
Set parameter LicenseID to value 2758435
Set parameter LicenseID to value 2758435
Set parameter LicenseID to value 2758435
Set parameter LicenseID to value 2758435
Set parameter LicenseID to value 2758435
Set parameter LicenseID to value 2758435
Set parameter LicenseID to value 2758435
Set parameter LicenseID to value 2758435
Set parameter LicenseID to value 2758435
Set parameter LicenseID to value 2758435
Set parameter LicenseID to value 2758435
Set parameter LicenseID to value 2758435
Set parameter LicenseID to value 2758435
Set parameter LicenseID to value 2758435
Set parameter LicenseID to value 2758435
Set parameter LicenseID to value 2758435
Set parameter LicenseID to value 2758435
Set parameter LicenseID to value 2758435
Set parameter LicenseID to value 2758435
Set parameter LicenseID to value 2758435
Set parameter LicenseID to value 2758435
Set parameter LicenseID to value 2758435
Set parameter LicenseID to value 2758435
Set parameter LicenseID to value 2758435
Set parameter LicenseID to value 2758435
Set parameter LicenseID to value 2758435
Set parameter LicenseID to value 2758435
Set parameter LicenseID to value 2758435
Set parameter LicenseID to value 2758435
Set parameter LicenseID to value 2758435
Set parameter LicenseID to value 2758435
Set parameter LicenseID to value 2758435
Set parameter LicenseID to value 2758435
Set parameter LicenseID to value 2758435
Set parameter LicenseID to value 2758435
Set parameter LicenseID to value 2758435
Set parameter LicenseID to value 2758435
Set parameter LicenseID to value 2758435
Set parameter LicenseID to value 2758435
Set parameter LicenseID to value 2758435
Set parameter LicenseID to value 2758435
Set parameter LicenseID to value 2758435
Set parameter LicenseID to value 2758435
Set parameter LicenseID to value 2758435
Set parameter LicenseID to value 2758435
Set parameter LicenseID to value 2758435
Set parameter LicenseID to value 2758435
Set parameter LicenseID to value 2758435
Set parameter LicenseID to value 2758435
Set parameter LicenseID to value 2758435
Set parameter LicenseID to value 2758435
Set parameter LicenseID to value 2758435
Set parameter LicenseID to value 2758435
Set parameter LicenseID to value 2758435
Set parameter LicenseID to value 2758435
Set parameter LicenseID to value 2758435
Set parameter LicenseID to value 2758435
Set parameter LicenseID to value 2758435
Set parameter LicenseID to value 2758435
Set parameter LicenseID to value 2758435
Set parameter LicenseID to value 2758435
Set parameter LicenseID to value 2758435
Set parameter LicenseID to value 2758435
Set parameter LicenseID to value 2758435
Set parameter LicenseID to value 2758435
Set parameter LicenseID to value 2758435
Set parameter LicenseID to value 2758435
Set parameter LicenseID to value 2758435
Set parameter LicenseID to value 2758435
Set parameter LicenseID to value 2758435
Set parameter LicenseID to value 2758435
Set parameter LicenseID to value 2758435
Set parameter LicenseID to value 2758435
  round 313 ACCEPT: first-bit rank 204985 -> 204985  total_cost=0 changed=8 hots=1 scale=1
Set parameter LicenseID to value 2758435
Set parameter LicenseID to value 2758435
Set parameter LicenseID to value 2758435
Set parameter LicenseID to value 2758435
Set parameter LicenseID to value 2758435
Set parameter LicenseID to value 2758435
Set parameter LicenseID to value 2758435
Set parameter LicenseID to value 2758435
Set parameter LicenseID to value 2758435
Set parameter LicenseID to value 2758435
Set parameter LicenseID to value 2758435
Set parameter LicenseID to value 2758435
Set parameter LicenseID to value 2758435
Set parameter LicenseID to value 2758435
Set parameter LicenseID to value 2758435
Set parameter LicenseID to value 2758435
Set parameter LicenseID to value 2758435
Set parameter LicenseID to value 2758435
  round 316 ACCEPT: first-bit rank 204985 -> 204985  total_cost=0 changed=2 hots=1 scale=1
Set parameter LicenseID to value 2758435
Set parameter LicenseID to value 2758435
Set parameter LicenseID to value 2758435
Set parameter LicenseID to value 2758435
Set parameter LicenseID to value 2758435
Set parameter LicenseID to value 2758435
Set parameter LicenseID to value 2758435
Set parameter LicenseID to value 2758435
Set parameter LicenseID to value 2758435
Set parameter LicenseID to value 2758435
Set parameter LicenseID to value 2758435
Set parameter LicenseID to value 2758435
Set parameter LicenseID to value 2758435
Set parameter LicenseID to value 2758435
Set parameter LicenseID to value 2758435
Set parameter LicenseID to value 2758435
Set parameter LicenseID to value 2758435
Set parameter LicenseID to value 2758435
Set parameter LicenseID to value 2758435
Set parameter LicenseID to value 2758435
Set parameter LicenseID to value 2758435
Set parameter LicenseID to value 2758435
Set parameter LicenseID to value 2758435
Set parameter LicenseID to value 2758435
Set parameter LicenseID to value 2758435
Set parameter LicenseID to value 2758435
Set parameter LicenseID to value 2758435
Set parameter LicenseID to value 2758435
Set parameter LicenseID to value 2758435
Set parameter LicenseID to value 2758435
Set parameter LicenseID to value 2758435
Set parameter LicenseID to value 2758435
Set parameter LicenseID to value 2758435
Set parameter LicenseID to value 2758435
Set parameter LicenseID to value 2758435
Set parameter LicenseID to value 2758435
Set parameter LicenseID to value 2758435
Set parameter LicenseID to value 2758435
Set parameter LicenseID to value 2758435
Set parameter LicenseID to value 2758435
Set parameter LicenseID to value 2758435
Set parameter LicenseID to value 2758435
Set parameter LicenseID to value 2758435
Set parameter LicenseID to value 2758435
Set parameter LicenseID to value 2758435
Set parameter LicenseID to value 2758435
Set parameter LicenseID to value 2758435
Set parameter LicenseID to value 2758435
Set parameter LicenseID to value 2758435
Set parameter LicenseID to value 2758435
Set parameter LicenseID to value 2758435
Set parameter LicenseID to value 2758435
Set parameter LicenseID to value 2758435
Set parameter LicenseID to value 2758435
Set parameter LicenseID to value 2758435
Set parameter LicenseID to value 2758435
Set parameter LicenseID to value 2758435
Set parameter LicenseID to value 2758435
Set parameter LicenseID to value 2758435
Set parameter LicenseID to value 2758435
Set parameter LicenseID to value 2758435
Set parameter LicenseID to value 2758435
Set parameter LicenseID to value 2758435
Set parameter LicenseID to value 2758435
Set parameter LicenseID to value 2758435
Set parameter LicenseID to value 2758435
Set parameter LicenseID to value 2758435
Set parameter LicenseID to value 2758435
Set parameter LicenseID to value 2758435
Set parameter LicenseID to value 2758435
Set parameter LicenseID to value 2758435
Set parameter LicenseID to value 2758435
Set parameter LicenseID to value 2758435
Set parameter LicenseID to value 2758435
Set parameter LicenseID to value 2758435
Set parameter LicenseID to value 2758435
Set parameter LicenseID to value 2758435
Set parameter LicenseID to value 2758435
Set parameter LicenseID to value 2758435
Set parameter LicenseID to value 2758435
Set parameter LicenseID to value 2758435
Set parameter LicenseID to value 2758435
Set parameter LicenseID to value 2758435
Set parameter LicenseID to value 2758435
Set parameter LicenseID to value 2758435
Set parameter LicenseID to value 2758435
Set parameter LicenseID to value 2758435
Set parameter LicenseID to value 2758435
Set parameter LicenseID to value 2758435
Set parameter LicenseID to value 2758435
Set parameter LicenseID to value 2758435
Set parameter LicenseID to value 2758435
Set parameter LicenseID to value 2758435
Set parameter LicenseID to value 2758435
Set parameter LicenseID to value 2758435
Set parameter LicenseID to value 2758435
Set parameter LicenseID to value 2758435
Set parameter LicenseID to value 2758435
Set parameter LicenseID to value 2758435
Set parameter LicenseID to value 2758435
Set parameter LicenseID to value 2758435
Set parameter LicenseID to value 2758435
Set parameter LicenseID to value 2758435
Set parameter LicenseID to value 2758435
Set parameter LicenseID to value 2758435
Set parameter LicenseID to value 2758435
Set parameter LicenseID to value 2758435
Set parameter LicenseID to value 2758435
Set parameter LicenseID to value 2758435
Set parameter LicenseID to value 2758435
Set parameter LicenseID to value 2758435
Set parameter LicenseID to value 2758435
Set parameter LicenseID to value 2758435
Set parameter LicenseID to value 2758435
Set parameter LicenseID to value 2758435
Set parameter LicenseID to value 2758435
Set parameter LicenseID to value 2758435
Set parameter LicenseID to value 2758435
Set parameter LicenseID to value 2758435
Set parameter LicenseID to value 2758435
Set parameter LicenseID to value 2758435
Set parameter LicenseID to value 2758435
Set parameter LicenseID to value 2758435
Set parameter LicenseID to value 2758435
Set parameter LicenseID to value 2758435
Set parameter LicenseID to value 2758435
Set parameter LicenseID to value 2758435
Set parameter LicenseID to value 2758435
Set parameter LicenseID to value 2758435
Set parameter LicenseID to value 2758435
Set parameter LicenseID to value 2758435
Set parameter LicenseID to value 2758435
Set parameter LicenseID to value 2758435
Set parameter LicenseID to value 2758435
Set parameter LicenseID to value 2758435
Set parameter LicenseID to value 2758435
Set parameter LicenseID to value 2758435
Set parameter LicenseID to value 2758435
Set parameter LicenseID to value 2758435
Set parameter LicenseID to value 2758435
Set parameter LicenseID to value 2758435
Set parameter LicenseID to value 2758435
Set parameter LicenseID to value 2758435
Set parameter LicenseID to value 2758435
Set parameter LicenseID to value 2758435
Set parameter LicenseID to value 2758435
Set parameter LicenseID to value 2758435
Set parameter LicenseID to value 2758435
Set parameter LicenseID to value 2758435
Set parameter LicenseID to value 2758435
Set parameter LicenseID to value 2758435
Set parameter LicenseID to value 2758435
Set parameter LicenseID to value 2758435
Set parameter LicenseID to value 2758435
Set parameter LicenseID to value 2758435
Set parameter LicenseID to value 2758435
Set parameter LicenseID to value 2758435
Set parameter LicenseID to value 2758435
Set parameter LicenseID to value 2758435
Set parameter LicenseID to value 2758435
Set parameter LicenseID to value 2758435
Set parameter LicenseID to value 2758435
Set parameter LicenseID to value 2758435
Set parameter LicenseID to value 2758435
Set parameter LicenseID to value 2758435
Set parameter LicenseID to value 2758435
Set parameter LicenseID to value 2758435
Set parameter LicenseID to value 2758435
Set parameter LicenseID to value 2758435
Set parameter LicenseID to value 2758435
Set parameter LicenseID to value 2758435
Set parameter LicenseID to value 2758435
Set parameter LicenseID to value 2758435
Set parameter LicenseID to value 2758435
Set parameter LicenseID to value 2758435
Set parameter LicenseID to value 2758435
Set parameter LicenseID to value 2758435
Set parameter LicenseID to value 2758435
Set parameter LicenseID to value 2758435
Set parameter LicenseID to value 2758435
Set parameter LicenseID to value 2758435
Set parameter LicenseID to value 2758435
Set parameter LicenseID to value 2758435
Set parameter LicenseID to value 2758435
Set parameter LicenseID to value 2758435
Set parameter LicenseID to value 2758435
Set parameter LicenseID to value 2758435
Set parameter LicenseID to value 2758435
Set parameter LicenseID to value 2758435
Set parameter LicenseID to value 2758435
Set parameter LicenseID to value 2758435
Set parameter LicenseID to value 2758435
Set parameter LicenseID to value 2758435
Set parameter LicenseID to value 2758435
Set parameter LicenseID to value 2758435
Set parameter LicenseID to value 2758435
Set parameter LicenseID to value 2758435
Set parameter LicenseID to value 2758435
Set parameter LicenseID to value 2758435
Set parameter LicenseID to value 2758435
Set parameter LicenseID to value 2758435
Set parameter LicenseID to value 2758435
Set parameter LicenseID to value 2758435
Set parameter LicenseID to value 2758435
Set parameter LicenseID to value 2758435
Set parameter LicenseID to value 2758435
Set parameter LicenseID to value 2758435
Set parameter LicenseID to value 2758435
Set parameter LicenseID to value 2758435
Set parameter LicenseID to value 2758435
Set parameter LicenseID to value 2758435
Set parameter LicenseID to value 2758435
Set parameter LicenseID to value 2758435
Set parameter LicenseID to value 2758435
Set parameter LicenseID to value 2758435
Set parameter LicenseID to value 2758435
Set parameter LicenseID to value 2758435
Set parameter LicenseID to value 2758435
Set parameter LicenseID to value 2758435
Set parameter LicenseID to value 2758435
Set parameter LicenseID to value 2758435
Set parameter LicenseID to value 2758435
Set parameter LicenseID to value 2758435
Set parameter LicenseID to value 2758435
Set parameter LicenseID to value 2758435
Set parameter LicenseID to value 2758435
Set parameter LicenseID to value 2758435
Set parameter LicenseID to value 2758435
Set parameter LicenseID to value 2758435
Set parameter LicenseID to value 2758435
Set parameter LicenseID to value 2758435
Set parameter LicenseID to value 2758435
Set parameter LicenseID to value 2758435
Set parameter LicenseID to value 2758435
Set parameter LicenseID to value 2758435
Set parameter LicenseID to value 2758435
Set parameter LicenseID to value 2758435
Set parameter LicenseID to value 2758435
Set parameter LicenseID to value 2758435
Set parameter LicenseID to value 2758435
Set parameter LicenseID to value 2758435
Set parameter LicenseID to value 2758435
Set parameter LicenseID to value 2758435
Set parameter LicenseID to value 2758435
Set parameter LicenseID to value 2758435
Set parameter LicenseID to value 2758435
Set parameter LicenseID to value 2758435
Set parameter LicenseID to value 2758435
Set parameter LicenseID to value 2758435
Set parameter LicenseID to value 2758435
Set parameter LicenseID to value 2758435
Set parameter LicenseID to value 2758435
Set parameter LicenseID to value 2758435
Set parameter LicenseID to value 2758435
Set parameter LicenseID to value 2758435
Set parameter LicenseID to value 2758435
Set parameter LicenseID to value 2758435
Set parameter LicenseID to value 2758435
Set parameter LicenseID to value 2758435
Set parameter LicenseID to value 2758435
Set parameter LicenseID to value 2758435
Set parameter LicenseID to value 2758435
Set parameter LicenseID to value 2758435
Set parameter LicenseID to value 2758435
Set parameter LicenseID to value 2758435
Set parameter LicenseID to value 2758435
Set parameter LicenseID to value 2758435
Set parameter LicenseID to value 2758435
Set parameter LicenseID to value 2758435
Set parameter LicenseID to value 2758435
Set parameter LicenseID to value 2758435
Set parameter LicenseID to value 2758435
Set parameter LicenseID to value 2758435
Set parameter LicenseID to value 2758435
Set parameter LicenseID to value 2758435
Set parameter LicenseID to value 2758435
Set parameter LicenseID to value 2758435
Set parameter LicenseID to value 2758435
Set parameter LicenseID to value 2758435
Set parameter LicenseID to value 2758435
Set parameter LicenseID to value 2758435
Set parameter LicenseID to value 2758435
Set parameter LicenseID to value 2758435
Set parameter LicenseID to value 2758435
Set parameter LicenseID to value 2758435
Set parameter LicenseID to value 2758435
Set parameter LicenseID to value 2758435
Set parameter LicenseID to value 2758435
Set parameter LicenseID to value 2758435
Set parameter LicenseID to value 2758435
Set parameter LicenseID to value 2758435
Set parameter LicenseID to value 2758435
Set parameter LicenseID to value 2758435
Set parameter LicenseID to value 2758435
Set parameter LicenseID to value 2758435
Set parameter LicenseID to value 2758435
Set parameter LicenseID to value 2758435
Set parameter LicenseID to value 2758435
Set parameter LicenseID to value 2758435
Set parameter LicenseID to value 2758435
Set parameter LicenseID to value 2758435
Set parameter LicenseID to value 2758435
Set parameter LicenseID to value 2758435
Set parameter LicenseID to value 2758435
Set parameter LicenseID to value 2758435
Set parameter LicenseID to value 2758435
Set parameter LicenseID to value 2758435
Set parameter LicenseID to value 2758435
Set parameter LicenseID to value 2758435
Set parameter LicenseID to value 2758435
Set parameter LicenseID to value 2758435
Set parameter LicenseID to value 2758435
Set parameter LicenseID to value 2758435
Set parameter LicenseID to value 2758435
Set parameter LicenseID to value 2758435
Set parameter LicenseID to value 2758435
Set parameter LicenseID to value 2758435
Set parameter LicenseID to value 2758435
Set parameter LicenseID to value 2758435
Set parameter LicenseID to value 2758435
Set parameter LicenseID to value 2758435
Set parameter LicenseID to value 2758435
Set parameter LicenseID to value 2758435
Set parameter LicenseID to value 2758435
Set parameter LicenseID to value 2758435
Set parameter LicenseID to value 2758435
Set parameter LicenseID to value 2758435
Set parameter LicenseID to value 2758435
Set parameter LicenseID to value 2758435
Set parameter LicenseID to value 2758435
Set parameter LicenseID to value 2758435
Set parameter LicenseID to value 2758435
Set parameter LicenseID to value 2758435
Set parameter LicenseID to value 2758435
Set parameter LicenseID to value 2758435
Set parameter LicenseID to value 2758435
Set parameter LicenseID to value 2758435
Set parameter LicenseID to value 2758435
Set parameter LicenseID to value 2758435
Set parameter LicenseID to value 2758435
Set parameter LicenseID to value 2758435
Set parameter LicenseID to value 2758435
Set parameter LicenseID to value 2758435
Set parameter LicenseID to value 2758435
Set parameter LicenseID to value 2758435
Set parameter LicenseID to value 2758435
Set parameter LicenseID to value 2758435
Set parameter LicenseID to value 2758435
Set parameter LicenseID to value 2758435
Set parameter LicenseID to value 2758435
Set parameter LicenseID to value 2758435
Set parameter LicenseID to value 2758435
Set parameter LicenseID to value 2758435
Set parameter LicenseID to value 2758435
Set parameter LicenseID to value 2758435
Set parameter LicenseID to value 2758435
Set parameter LicenseID to value 2758435
Set parameter LicenseID to value 2758435
Set parameter LicenseID to value 2758435
Set parameter LicenseID to value 2758435
Set parameter LicenseID to value 2758435
Set parameter LicenseID to value 2758435
Set parameter LicenseID to value 2758435
Set parameter LicenseID to value 2758435
Set parameter LicenseID to value 2758435
Set parameter LicenseID to value 2758435
Set parameter LicenseID to value 2758435
Set parameter LicenseID to value 2758435
Set parameter LicenseID to value 2758435
Set parameter LicenseID to value 2758435
Set parameter LicenseID to value 2758435
Set parameter LicenseID to value 2758435
Set parameter LicenseID to value 2758435
Set parameter LicenseID to value 2758435
Set parameter LicenseID to value 2758435
Set parameter LicenseID to value 2758435
Set parameter LicenseID to value 2758435
Set parameter LicenseID to value 2758435
Set parameter LicenseID to value 2758435
Set parameter LicenseID to value 2758435
Set parameter LicenseID to value 2758435
Set parameter LicenseID to value 2758435
Set parameter LicenseID to value 2758435
Set parameter LicenseID to value 2758435
Set parameter LicenseID to value 2758435
Set parameter LicenseID to value 2758435
Set parameter LicenseID to value 2758435
Set parameter LicenseID to value 2758435
Set parameter LicenseID to value 2758435
Set parameter LicenseID to value 2758435
Set parameter LicenseID to value 2758435
Set parameter LicenseID to value 2758435
Set parameter LicenseID to value 2758435
Set parameter LicenseID to value 2758435
Set parameter LicenseID to value 2758435
Set parameter LicenseID to value 2758435
Set parameter LicenseID to value 2758435
Set parameter LicenseID to value 2758435
Set parameter LicenseID to value 2758435
Set parameter LicenseID to value 2758435
Set parameter LicenseID to value 2758435
Set parameter LicenseID to value 2758435
Set parameter LicenseID to value 2758435
Set parameter LicenseID to value 2758435
Set parameter LicenseID to value 2758435
Set parameter LicenseID to value 2758435
Set parameter LicenseID to value 2758435
Set parameter LicenseID to value 2758435
Set parameter LicenseID to value 2758435
Set parameter LicenseID to value 2758435
Set parameter LicenseID to value 2758435
Set parameter LicenseID to value 2758435
Set parameter LicenseID to value 2758435
Set parameter LicenseID to value 2758435
Set parameter LicenseID to value 2758435
Set parameter LicenseID to value 2758435
Set parameter LicenseID to value 2758435
Set parameter LicenseID to value 2758435
Set parameter LicenseID to value 2758435
Set parameter LicenseID to value 2758435
Set parameter LicenseID to value 2758435
Set parameter LicenseID to value 2758435
Set parameter LicenseID to value 2758435
Set parameter LicenseID to value 2758435
Set parameter LicenseID to value 2758435
Set parameter LicenseID to value 2758435
  round 389 ACCEPT: first-bit rank 204985 -> 204985  total_cost=0 changed=2 hots=4 scale=1
Set parameter LicenseID to value 2758435
Set parameter LicenseID to value 2758435
Set parameter LicenseID to value 2758435
Set parameter LicenseID to value 2758435
Set parameter LicenseID to value 2758435
Set parameter LicenseID to value 2758435
Set parameter LicenseID to value 2758435
Set parameter LicenseID to value 2758435
Set parameter LicenseID to value 2758435
Set parameter LicenseID to value 2758435
Set parameter LicenseID to value 2758435
Set parameter LicenseID to value 2758435
Set parameter LicenseID to value 2758435
Set parameter LicenseID to value 2758435
Set parameter LicenseID to value 2758435
Set parameter LicenseID to value 2758435
Set parameter LicenseID to value 2758435
Set parameter LicenseID to value 2758435
Set parameter LicenseID to value 2758435
Set parameter LicenseID to value 2758435
Set parameter LicenseID to value 2758435
Set parameter LicenseID to value 2758435
Set parameter LicenseID to value 2758435
Set parameter LicenseID to value 2758435
Set parameter LicenseID to value 2758435
Set parameter LicenseID to value 2758435
Set parameter LicenseID to value 2758435
Set parameter LicenseID to value 2758435
Set parameter LicenseID to value 2758435
Set parameter LicenseID to value 2758435
Set parameter LicenseID to value 2758435
Set parameter LicenseID to value 2758435
Set parameter LicenseID to value 2758435
Set parameter LicenseID to value 2758435
Set parameter LicenseID to value 2758435
Set parameter LicenseID to value 2758435
Set parameter LicenseID to value 2758435
Set parameter LicenseID to value 2758435
Set parameter LicenseID to value 2758435
Set parameter LicenseID to value 2758435
Set parameter LicenseID to value 2758435
Set parameter LicenseID to value 2758435
Set parameter LicenseID to value 2758435
Set parameter LicenseID to value 2758435
Set parameter LicenseID to value 2758435
Set parameter LicenseID to value 2758435
Set parameter LicenseID to value 2758435
Set parameter LicenseID to value 2758435
Set parameter LicenseID to value 2758435
Set parameter LicenseID to value 2758435
Set parameter LicenseID to value 2758435
Set parameter LicenseID to value 2758435
Set parameter LicenseID to value 2758435
Set parameter LicenseID to value 2758435
Set parameter LicenseID to value 2758435
Set parameter LicenseID to value 2758435
Set parameter LicenseID to value 2758435
Set parameter LicenseID to value 2758435
Set parameter LicenseID to value 2758435
Set parameter LicenseID to value 2758435
Set parameter LicenseID to value 2758435
Set parameter LicenseID to value 2758435
Set parameter LicenseID to value 2758435
Set parameter LicenseID to value 2758435
Set parameter LicenseID to value 2758435
Set parameter LicenseID to value 2758435
done: accepted=21 rejected=379  final first-bit raw=0.204985875 rank=204985  total_cost=0 budget_ok=true elapsed=23.3s
  reject reason conf       723
  reject reason lex        35
  reject reason no-change  338
  reject reason no-pool    6
  reject reason not-proven 36
  solves=394 avg pool pairs=7.7 avg cands=352.4 gurobi=7.60s (32.6% of elapsed)
  halo: rolled on 112/394 rounds, +1371 pairs total (mult=3 prob=0.30 seed=0)
  cand mode=mix pool_cap=24 max_w1=24 max_w2=32 global_k=0 hop_cache=true
  hops queries=81954 hits=81502 misses=452 computed=452 sets=2
  schedule=hot focus_n=10 hot_k=6 grow_mult=2 scale_cap=8 conf_gate=true scale=1 epoch_restarts=0
  freeze: pre=0 soft=0 skip=376 conf_seeds=380
  first bit PROVEN optimal: rank 204985 == structural floor 204985 (raw 0.204985875)
RESULT setA-05 accepted=21 firstbit=204985 total_cost=0 budget_ok=true
sprint compare: tie 10/792 layers; first gap layer 11 (83847 vs 81929)
    layer 11: ours 83847 vs sprint 81929
    layer 13: ours 81929 vs sprint 81427
    layer 14: ours 81427 vs sprint 79664
    layer 15: ours 80695 vs sprint 79579
    layer 16: ours 79664 vs sprint 79579
wrote solution -> runs_diag/ab_setA-05_on.json
