instance=setA-08 m=654 T=2 demands=200
  start first-bit raw=1.000000000 rank=1000000  total_cost=0
presolve: 0.21s cells=724 deep=100 floors=10 proven=0 revoked=0 timeout=false
  lb_sat=0.318903697 (first-bit rank 318903)  proven_pins=0 floors=10
  pin t=0 arc=232(19->91) load=10.0904 sat=0.318904 src=source-dom proven=false forced_demands=2
  pin t=1 arc=232(19->91) load=7.3385 sat=0.231931 src=source-dom proven=false forced_demands=2
  pin t=1 arc=230(12->91) load=14.6770 sat=0.224941 src=bridge proven=false forced_demands=2
  pin t=0 arc=230(12->91) load=10.0904 sat=0.154646 src=bridge proven=false forced_demands=2
  pin t=0 arc=231(91->12) load=10.0904 sat=0.154646 src=bridge proven=false forced_demands=2
  ... 5 more pins (see -presolve-pins)
Set parameter LicenseID to value 2758435
Set parameter LicenseID to value 2758435
Set parameter LicenseID to value 2758435
Set parameter LicenseID to value 2758435
Set parameter LicenseID to value 2758435
Set parameter LicenseID to value 2758435
  round 1 ACCEPT: first-bit rank 1000000 -> 480790  total_cost=0 changed=10 hots=6 scale=1
Set parameter LicenseID to value 2758435
Set parameter LicenseID to value 2758435
Set parameter LicenseID to value 2758435
Set parameter LicenseID to value 2758435
Set parameter LicenseID to value 2758435
Set parameter LicenseID to value 2758435
  round 2 ACCEPT: first-bit rank 480790 -> 335450  total_cost=0 changed=12 hots=6 scale=1
Set parameter LicenseID to value 2758435
Set parameter LicenseID to value 2758435
Set parameter LicenseID to value 2758435
Set parameter LicenseID to value 2758435
Set parameter LicenseID to value 2758435
Set parameter LicenseID to value 2758435
  round 3 ACCEPT: first-bit rank 335450 -> 318903  total_cost=0 changed=4 hots=5 scale=1
Set parameter LicenseID to value 2758435
Set parameter LicenseID to value 2758435
Set parameter LicenseID to value 2758435
Set parameter LicenseID to value 2758435
Set parameter LicenseID to value 2758435
Set parameter LicenseID to value 2758435
  round 4 ACCEPT: first-bit rank 318903 -> 318903  total_cost=3 changed=1 hots=2 scale=1
Set parameter LicenseID to value 2758435
Set parameter LicenseID to value 2758435
Set parameter LicenseID to value 2758435
Set parameter LicenseID to value 2758435
Set parameter LicenseID to value 2758435
Set parameter LicenseID to value 2758435
  round 5 ACCEPT: first-bit rank 318903 -> 318903  total_cost=3 changed=4 hots=4 scale=1
Set parameter LicenseID to value 2758435
Set parameter LicenseID to value 2758435
Set parameter LicenseID to value 2758435
Set parameter LicenseID to value 2758435
Set parameter LicenseID to value 2758435
Set parameter LicenseID to value 2758435
  round 6 ACCEPT: first-bit rank 318903 -> 318903  total_cost=7 changed=1 hots=2 scale=1
Set parameter LicenseID to value 2758435
Set parameter LicenseID to value 2758435
Set parameter LicenseID to value 2758435
Set parameter LicenseID to value 2758435
Set parameter LicenseID to value 2758435
Set parameter LicenseID to value 2758435
  round 7 ACCEPT: first-bit rank 318903 -> 318903  total_cost=7 changed=4 hots=4 scale=1
Set parameter LicenseID to value 2758435
Set parameter LicenseID to value 2758435
Set parameter LicenseID to value 2758435
Set parameter LicenseID to value 2758435
Set parameter LicenseID to value 2758435
Set parameter LicenseID to value 2758435
  round 8 ACCEPT: first-bit rank 318903 -> 318903  total_cost=7 changed=2 hots=4 scale=1
Set parameter LicenseID to value 2758435
Set parameter LicenseID to value 2758435
Set parameter LicenseID to value 2758435
Set parameter LicenseID to value 2758435
Set parameter LicenseID to value 2758435
Set parameter LicenseID to value 2758435
Set parameter LicenseID to value 2758435
Set parameter LicenseID to value 2758435
Set parameter LicenseID to value 2758435
Set parameter LicenseID to value 2758435
Set parameter LicenseID to value 2758435
Set parameter LicenseID to value 2758435
Set parameter LicenseID to value 2758435
Set parameter LicenseID to value 2758435
Set parameter LicenseID to value 2758435
Set parameter LicenseID to value 2758435
Set parameter LicenseID to value 2758435
Set parameter LicenseID to value 2758435
  round 11 ACCEPT: first-bit rank 318903 -> 318903  total_cost=7 changed=4 hots=3 scale=1
Set parameter LicenseID to value 2758435
Set parameter LicenseID to value 2758435
Set parameter LicenseID to value 2758435
Set parameter LicenseID to value 2758435
Set parameter LicenseID to value 2758435
Set parameter LicenseID to value 2758435
  round 12 ACCEPT: first-bit rank 318903 -> 318903  total_cost=7 changed=2 hots=3 scale=1
Set parameter LicenseID to value 2758435
Set parameter LicenseID to value 2758435
Set parameter LicenseID to value 2758435
Set parameter LicenseID to value 2758435
Set parameter LicenseID to value 2758435
Set parameter LicenseID to value 2758435
Set parameter LicenseID to value 2758435
Set parameter LicenseID to value 2758435
Set parameter LicenseID to value 2758435
Set parameter LicenseID to value 2758435
Set parameter LicenseID to value 2758435
Set parameter LicenseID to value 2758435
Set parameter LicenseID to value 2758435
Set parameter LicenseID to value 2758435
Set parameter LicenseID to value 2758435
Set parameter LicenseID to value 2758435
Set parameter LicenseID to value 2758435
Set parameter LicenseID to value 2758435
Set parameter LicenseID to value 2758435
Set parameter LicenseID to value 2758435
Set parameter LicenseID to value 2758435
Set parameter LicenseID to value 2758435
Set parameter LicenseID to value 2758435
Set parameter LicenseID to value 2758435
Set parameter LicenseID to value 2758435
Set parameter LicenseID to value 2758435
Set parameter LicenseID to value 2758435
Set parameter LicenseID to value 2758435
Set parameter LicenseID to value 2758435
Set parameter LicenseID to value 2758435
  round 17 ACCEPT: first-bit rank 318903 -> 318903  total_cost=7 changed=4 hots=3 scale=1
Set parameter LicenseID to value 2758435
Set parameter LicenseID to value 2758435
Set parameter LicenseID to value 2758435
Set parameter LicenseID to value 2758435
Set parameter LicenseID to value 2758435
Set parameter LicenseID to value 2758435
Set parameter LicenseID to value 2758435
Set parameter LicenseID to value 2758435
Set parameter LicenseID to value 2758435
Set parameter LicenseID to value 2758435
Set parameter LicenseID to value 2758435
Set parameter LicenseID to value 2758435
Set parameter LicenseID to value 2758435
Set parameter LicenseID to value 2758435
Set parameter LicenseID to value 2758435
Set parameter LicenseID to value 2758435
Set parameter LicenseID to value 2758435
Set parameter LicenseID to value 2758435
  round 20 ACCEPT: first-bit rank 318903 -> 318903  total_cost=7 changed=6 hots=3 scale=1
Set parameter LicenseID to value 2758435
Set parameter LicenseID to value 2758435
Set parameter LicenseID to value 2758435
Set parameter LicenseID to value 2758435
Set parameter LicenseID to value 2758435
Set parameter LicenseID to value 2758435
  round 21 ACCEPT: first-bit rank 318903 -> 318903  total_cost=7 changed=4 hots=3 scale=1
Set parameter LicenseID to value 2758435
Set parameter LicenseID to value 2758435
Set parameter LicenseID to value 2758435
Set parameter LicenseID to value 2758435
Set parameter LicenseID to value 2758435
Set parameter LicenseID to value 2758435
  round 22 ACCEPT: first-bit rank 318903 -> 318903  total_cost=7 changed=6 hots=3 scale=1
Set parameter LicenseID to value 2758435
Set parameter LicenseID to value 2758435
Set parameter LicenseID to value 2758435
Set parameter LicenseID to value 2758435
Set parameter LicenseID to value 2758435
Set parameter LicenseID to value 2758435
  round 23 ACCEPT: first-bit rank 318903 -> 318903  total_cost=7 changed=2 hots=3 scale=1
Set parameter LicenseID to value 2758435
Set parameter LicenseID to value 2758435
Set parameter LicenseID to value 2758435
Set parameter LicenseID to value 2758435
Set parameter LicenseID to value 2758435
Set parameter LicenseID to value 2758435
Set parameter LicenseID to value 2758435
Set parameter LicenseID to value 2758435
Set parameter LicenseID to value 2758435
Set parameter LicenseID to value 2758435
Set parameter LicenseID to value 2758435
Set parameter LicenseID to value 2758435
Set parameter LicenseID to value 2758435
Set parameter LicenseID to value 2758435
Set parameter LicenseID to value 2758435
Set parameter LicenseID to value 2758435
Set parameter LicenseID to value 2758435
Set parameter LicenseID to value 2758435
  round 26 ACCEPT: first-bit rank 318903 -> 318903  total_cost=7 changed=2 hots=3 scale=1
Set parameter LicenseID to value 2758435
Set parameter LicenseID to value 2758435
Set parameter LicenseID to value 2758435
Set parameter LicenseID to value 2758435
Set parameter LicenseID to value 2758435
Set parameter LicenseID to value 2758435
Set parameter LicenseID to value 2758435
Set parameter LicenseID to value 2758435
Set parameter LicenseID to value 2758435
Set parameter LicenseID to value 2758435
Set parameter LicenseID to value 2758435
Set parameter LicenseID to value 2758435
Set parameter LicenseID to value 2758435
Set parameter LicenseID to value 2758435
Set parameter LicenseID to value 2758435
Set parameter LicenseID to value 2758435
Set parameter LicenseID to value 2758435
Set parameter LicenseID to value 2758435
  round 29 ACCEPT: first-bit rank 318903 -> 318903  total_cost=7 changed=2 hots=1 scale=1
Set parameter LicenseID to value 2758435
Set parameter LicenseID to value 2758435
Set parameter LicenseID to value 2758435
Set parameter LicenseID to value 2758435
Set parameter LicenseID to value 2758435
Set parameter LicenseID to value 2758435
Set parameter LicenseID to value 2758435
Set parameter LicenseID to value 2758435
Set parameter LicenseID to value 2758435
Set parameter LicenseID to value 2758435
Set parameter LicenseID to value 2758435
Set parameter LicenseID to value 2758435
Set parameter LicenseID to value 2758435
Set parameter LicenseID to value 2758435
Set parameter LicenseID to value 2758435
Set parameter LicenseID to value 2758435
Set parameter LicenseID to value 2758435
Set parameter LicenseID to value 2758435
Set parameter LicenseID to value 2758435
Set parameter LicenseID to value 2758435
Set parameter LicenseID to value 2758435
Set parameter LicenseID to value 2758435
Set parameter LicenseID to value 2758435
Set parameter LicenseID to value 2758435
Set parameter LicenseID to value 2758435
Set parameter LicenseID to value 2758435
Set parameter LicenseID to value 2758435
Set parameter LicenseID to value 2758435
Set parameter LicenseID to value 2758435
Set parameter LicenseID to value 2758435
Set parameter LicenseID to value 2758435
Set parameter LicenseID to value 2758435
Set parameter LicenseID to value 2758435
Set parameter LicenseID to value 2758435
Set parameter LicenseID to value 2758435
Set parameter LicenseID to value 2758435
Set parameter LicenseID to value 2758435
Set parameter LicenseID to value 2758435
Set parameter LicenseID to value 2758435
Set parameter LicenseID to value 2758435
Set parameter LicenseID to value 2758435
Set parameter LicenseID to value 2758435
Set parameter LicenseID to value 2758435
Set parameter LicenseID to value 2758435
Set parameter LicenseID to value 2758435
Set parameter LicenseID to value 2758435
Set parameter LicenseID to value 2758435
Set parameter LicenseID to value 2758435
Set parameter LicenseID to value 2758435
Set parameter LicenseID to value 2758435
Set parameter LicenseID to value 2758435
Set parameter LicenseID to value 2758435
Set parameter LicenseID to value 2758435
Set parameter LicenseID to value 2758435
  round 38 ACCEPT: first-bit rank 318903 -> 318903  total_cost=10 changed=1 hots=1 scale=1
Set parameter LicenseID to value 2758435
Set parameter LicenseID to value 2758435
Set parameter LicenseID to value 2758435
Set parameter LicenseID to value 2758435
Set parameter LicenseID to value 2758435
Set parameter LicenseID to value 2758435
  round 39 ACCEPT: first-bit rank 318903 -> 318903  total_cost=10 changed=2 hots=1 scale=1
Set parameter LicenseID to value 2758435
Set parameter LicenseID to value 2758435
Set parameter LicenseID to value 2758435
Set parameter LicenseID to value 2758435
Set parameter LicenseID to value 2758435
Set parameter LicenseID to value 2758435
  round 40 ACCEPT: first-bit rank 318903 -> 318903  total_cost=10 changed=2 hots=1 scale=1
Set parameter LicenseID to value 2758435
Set parameter LicenseID to value 2758435
Set parameter LicenseID to value 2758435
Set parameter LicenseID to value 2758435
Set parameter LicenseID to value 2758435
Set parameter LicenseID to value 2758435
Set parameter LicenseID to value 2758435
Set parameter LicenseID to value 2758435
Set parameter LicenseID to value 2758435
Set parameter LicenseID to value 2758435
Set parameter LicenseID to value 2758435
Set parameter LicenseID to value 2758435
Set parameter LicenseID to value 2758435
Set parameter LicenseID to value 2758435
Set parameter LicenseID to value 2758435
Set parameter LicenseID to value 2758435
Set parameter LicenseID to value 2758435
Set parameter LicenseID to value 2758435
  round 43 ACCEPT: first-bit rank 318903 -> 318903  total_cost=13 changed=1 hots=1 scale=1
Set parameter LicenseID to value 2758435
Set parameter LicenseID to value 2758435
Set parameter LicenseID to value 2758435
Set parameter LicenseID to value 2758435
Set parameter LicenseID to value 2758435
Set parameter LicenseID to value 2758435
  round 44 ACCEPT: first-bit rank 318903 -> 318903  total_cost=13 changed=2 hots=1 scale=1
Set parameter LicenseID to value 2758435
Set parameter LicenseID to value 2758435
Set parameter LicenseID to value 2758435
Set parameter LicenseID to value 2758435
Set parameter LicenseID to value 2758435
Set parameter LicenseID to value 2758435
Set parameter LicenseID to value 2758435
Set parameter LicenseID to value 2758435
Set parameter LicenseID to value 2758435
Set parameter LicenseID to value 2758435
Set parameter LicenseID to value 2758435
Set parameter LicenseID to value 2758435
Set parameter LicenseID to value 2758435
Set parameter LicenseID to value 2758435
Set parameter LicenseID to value 2758435
Set parameter LicenseID to value 2758435
Set parameter LicenseID to value 2758435
Set parameter LicenseID to value 2758435
Set parameter LicenseID to value 2758435
Set parameter LicenseID to value 2758435
Set parameter LicenseID to value 2758435
Set parameter LicenseID to value 2758435
Set parameter LicenseID to value 2758435
Set parameter LicenseID to value 2758435
Set parameter LicenseID to value 2758435
Set parameter LicenseID to value 2758435
Set parameter LicenseID to value 2758435
Set parameter LicenseID to value 2758435
Set parameter LicenseID to value 2758435
Set parameter LicenseID to value 2758435
Set parameter LicenseID to value 2758435
Set parameter LicenseID to value 2758435
Set parameter LicenseID to value 2758435
Set parameter LicenseID to value 2758435
Set parameter LicenseID to value 2758435
Set parameter LicenseID to value 2758435
Set parameter LicenseID to value 2758435
Set parameter LicenseID to value 2758435
Set parameter LicenseID to value 2758435
Set parameter LicenseID to value 2758435
Set parameter LicenseID to value 2758435
Set parameter LicenseID to value 2758435
Set parameter LicenseID to value 2758435
Set parameter LicenseID to value 2758435
Set parameter LicenseID to value 2758435
Set parameter LicenseID to value 2758435
Set parameter LicenseID to value 2758435
Set parameter LicenseID to value 2758435
Set parameter LicenseID to value 2758435
Set parameter LicenseID to value 2758435
Set parameter LicenseID to value 2758435
Set parameter LicenseID to value 2758435
Set parameter LicenseID to value 2758435
Set parameter LicenseID to value 2758435
Set parameter LicenseID to value 2758435
Set parameter LicenseID to value 2758435
Set parameter LicenseID to value 2758435
Set parameter LicenseID to value 2758435
Set parameter LicenseID to value 2758435
Set parameter LicenseID to value 2758435
Set parameter LicenseID to value 2758435
Set parameter LicenseID to value 2758435
Set parameter LicenseID to value 2758435
Set parameter LicenseID to value 2758435
Set parameter LicenseID to value 2758435
Set parameter LicenseID to value 2758435
  round 55 ACCEPT: first-bit rank 318903 -> 318903  total_cost=13 changed=2 hots=1 scale=1
Set parameter LicenseID to value 2758435
Set parameter LicenseID to value 2758435
Set parameter LicenseID to value 2758435
Set parameter LicenseID to value 2758435
Set parameter LicenseID to value 2758435
Set parameter LicenseID to value 2758435
Set parameter LicenseID to value 2758435
Set parameter LicenseID to value 2758435
Set parameter LicenseID to value 2758435
Set parameter LicenseID to value 2758435
Set parameter LicenseID to value 2758435
Set parameter LicenseID to value 2758435
Set parameter LicenseID to value 2758435
Set parameter LicenseID to value 2758435
Set parameter LicenseID to value 2758435
Set parameter LicenseID to value 2758435
Set parameter LicenseID to value 2758435
Set parameter LicenseID to value 2758435
Set parameter LicenseID to value 2758435
Set parameter LicenseID to value 2758435
Set parameter LicenseID to value 2758435
Set parameter LicenseID to value 2758435
Set parameter LicenseID to value 2758435
Set parameter LicenseID to value 2758435
Set parameter LicenseID to value 2758435
Set parameter LicenseID to value 2758435
Set parameter LicenseID to value 2758435
Set parameter LicenseID to value 2758435
Set parameter LicenseID to value 2758435
Set parameter LicenseID to value 2758435
Set parameter LicenseID to value 2758435
Set parameter LicenseID to value 2758435
Set parameter LicenseID to value 2758435
Set parameter LicenseID to value 2758435
Set parameter LicenseID to value 2758435
Set parameter LicenseID to value 2758435
Set parameter LicenseID to value 2758435
Set parameter LicenseID to value 2758435
Set parameter LicenseID to value 2758435
Set parameter LicenseID to value 2758435
Set parameter LicenseID to value 2758435
Set parameter LicenseID to value 2758435
  round 62 ACCEPT: first-bit rank 318903 -> 318903  total_cost=13 changed=4 hots=1 scale=1
Set parameter LicenseID to value 2758435
Set parameter LicenseID to value 2758435
Set parameter LicenseID to value 2758435
Set parameter LicenseID to value 2758435
Set parameter LicenseID to value 2758435
Set parameter LicenseID to value 2758435
Set parameter LicenseID to value 2758435
Set parameter LicenseID to value 2758435
Set parameter LicenseID to value 2758435
Set parameter LicenseID to value 2758435
Set parameter LicenseID to value 2758435
Set parameter LicenseID to value 2758435
Set parameter LicenseID to value 2758435
Set parameter LicenseID to value 2758435
Set parameter LicenseID to value 2758435
Set parameter LicenseID to value 2758435
Set parameter LicenseID to value 2758435
Set parameter LicenseID to value 2758435
Set parameter LicenseID to value 2758435
Set parameter LicenseID to value 2758435
Set parameter LicenseID to value 2758435
Set parameter LicenseID to value 2758435
Set parameter LicenseID to value 2758435
Set parameter LicenseID to value 2758435
Set parameter LicenseID to value 2758435
Set parameter LicenseID to value 2758435
Set parameter LicenseID to value 2758435
Set parameter LicenseID to value 2758435
Set parameter LicenseID to value 2758435
Set parameter LicenseID to value 2758435
Set parameter LicenseID to value 2758435
Set parameter LicenseID to value 2758435
Set parameter LicenseID to value 2758435
Set parameter LicenseID to value 2758435
Set parameter LicenseID to value 2758435
Set parameter LicenseID to value 2758435
Set parameter LicenseID to value 2758435
Set parameter LicenseID to value 2758435
Set parameter LicenseID to value 2758435
Set parameter LicenseID to value 2758435
Set parameter LicenseID to value 2758435
Set parameter LicenseID to value 2758435
Set parameter LicenseID to value 2758435
Set parameter LicenseID to value 2758435
Set parameter LicenseID to value 2758435
Set parameter LicenseID to value 2758435
Set parameter LicenseID to value 2758435
Set parameter LicenseID to value 2758435
Set parameter LicenseID to value 2758435
Set parameter LicenseID to value 2758435
Set parameter LicenseID to value 2758435
Set parameter LicenseID to value 2758435
Set parameter LicenseID to value 2758435
Set parameter LicenseID to value 2758435
Set parameter LicenseID to value 2758435
Set parameter LicenseID to value 2758435
Set parameter LicenseID to value 2758435
Set parameter LicenseID to value 2758435
Set parameter LicenseID to value 2758435
Set parameter LicenseID to value 2758435
Set parameter LicenseID to value 2758435
Set parameter LicenseID to value 2758435
Set parameter LicenseID to value 2758435
Set parameter LicenseID to value 2758435
Set parameter LicenseID to value 2758435
Set parameter LicenseID to value 2758435
Set parameter LicenseID to value 2758435
Set parameter LicenseID to value 2758435
Set parameter LicenseID to value 2758435
Set parameter LicenseID to value 2758435
Set parameter LicenseID to value 2758435
Set parameter LicenseID to value 2758435
Set parameter LicenseID to value 2758435
Set parameter LicenseID to value 2758435
Set parameter LicenseID to value 2758435
Set parameter LicenseID to value 2758435
Set parameter LicenseID to value 2758435
Set parameter LicenseID to value 2758435
Set parameter LicenseID to value 2758435
Set parameter LicenseID to value 2758435
Set parameter LicenseID to value 2758435
Set parameter LicenseID to value 2758435
Set parameter LicenseID to value 2758435
Set parameter LicenseID to value 2758435
Set parameter LicenseID to value 2758435
Set parameter LicenseID to value 2758435
Set parameter LicenseID to value 2758435
Set parameter LicenseID to value 2758435
Set parameter LicenseID to value 2758435
Set parameter LicenseID to value 2758435
Set parameter LicenseID to value 2758435
Set parameter LicenseID to value 2758435
Set parameter LicenseID to value 2758435
Set parameter LicenseID to value 2758435
Set parameter LicenseID to value 2758435
Set parameter LicenseID to value 2758435
Set parameter LicenseID to value 2758435
Set parameter LicenseID to value 2758435
Set parameter LicenseID to value 2758435
Set parameter LicenseID to value 2758435
Set parameter LicenseID to value 2758435
Set parameter LicenseID to value 2758435
Set parameter LicenseID to value 2758435
Set parameter LicenseID to value 2758435
Set parameter LicenseID to value 2758435
Set parameter LicenseID to value 2758435
Set parameter LicenseID to value 2758435
Set parameter LicenseID to value 2758435
Set parameter LicenseID to value 2758435
Set parameter LicenseID to value 2758435
Set parameter LicenseID to value 2758435
Set parameter LicenseID to value 2758435
Set parameter LicenseID to value 2758435
Set parameter LicenseID to value 2758435
Set parameter LicenseID to value 2758435
Set parameter LicenseID to value 2758435
Set parameter LicenseID to value 2758435
Set parameter LicenseID to value 2758435
Set parameter LicenseID to value 2758435
Set parameter LicenseID to value 2758435
Set parameter LicenseID to value 2758435
Set parameter LicenseID to value 2758435
Set parameter LicenseID to value 2758435
Set parameter LicenseID to value 2758435
Set parameter LicenseID to value 2758435
Set parameter LicenseID to value 2758435
Set parameter LicenseID to value 2758435
Set parameter LicenseID to value 2758435
Set parameter LicenseID to value 2758435
Set parameter LicenseID to value 2758435
Set parameter LicenseID to value 2758435
Set parameter LicenseID to value 2758435
Set parameter LicenseID to value 2758435
Set parameter LicenseID to value 2758435
Set parameter LicenseID to value 2758435
Set parameter LicenseID to value 2758435
Set parameter LicenseID to value 2758435
Set parameter LicenseID to value 2758435
  round 85 ACCEPT: first-bit rank 318903 -> 318903  total_cost=10 changed=6 hots=1 scale=1
Set parameter LicenseID to value 2758435
Set parameter LicenseID to value 2758435
Set parameter LicenseID to value 2758435
Set parameter LicenseID to value 2758435
Set parameter LicenseID to value 2758435
Set parameter LicenseID to value 2758435
Set parameter LicenseID to value 2758435
Set parameter LicenseID to value 2758435
Set parameter LicenseID to value 2758435
Set parameter LicenseID to value 2758435
Set parameter LicenseID to value 2758435
Set parameter LicenseID to value 2758435
Set parameter LicenseID to value 2758435
Set parameter LicenseID to value 2758435
Set parameter LicenseID to value 2758435
Set parameter LicenseID to value 2758435
Set parameter LicenseID to value 2758435
Set parameter LicenseID to value 2758435
Set parameter LicenseID to value 2758435
Set parameter LicenseID to value 2758435
Set parameter LicenseID to value 2758435
Set parameter LicenseID to value 2758435
Set parameter LicenseID to value 2758435
Set parameter LicenseID to value 2758435
Set parameter LicenseID to value 2758435
Set parameter LicenseID to value 2758435
Set parameter LicenseID to value 2758435
Set parameter LicenseID to value 2758435
Set parameter LicenseID to value 2758435
Set parameter LicenseID to value 2758435
Set parameter LicenseID to value 2758435
Set parameter LicenseID to value 2758435
Set parameter LicenseID to value 2758435
Set parameter LicenseID to value 2758435
Set parameter LicenseID to value 2758435
Set parameter LicenseID to value 2758435
Set parameter LicenseID to value 2758435
Set parameter LicenseID to value 2758435
Set parameter LicenseID to value 2758435
Set parameter LicenseID to value 2758435
Set parameter LicenseID to value 2758435
Set parameter LicenseID to value 2758435
  round 92 ACCEPT: first-bit rank 318903 -> 318903  total_cost=13 changed=1 hots=1 scale=1
Set parameter LicenseID to value 2758435
Set parameter LicenseID to value 2758435
Set parameter LicenseID to value 2758435
Set parameter LicenseID to value 2758435
Set parameter LicenseID to value 2758435
Set parameter LicenseID to value 2758435
Set parameter LicenseID to value 2758435
Set parameter LicenseID to value 2758435
Set parameter LicenseID to value 2758435
Set parameter LicenseID to value 2758435
Set parameter LicenseID to value 2758435
Set parameter LicenseID to value 2758435
Set parameter LicenseID to value 2758435
Set parameter LicenseID to value 2758435
Set parameter LicenseID to value 2758435
Set parameter LicenseID to value 2758435
Set parameter LicenseID to value 2758435
Set parameter LicenseID to value 2758435
Set parameter LicenseID to value 2758435
Set parameter LicenseID to value 2758435
Set parameter LicenseID to value 2758435
Set parameter LicenseID to value 2758435
Set parameter LicenseID to value 2758435
Set parameter LicenseID to value 2758435
Set parameter LicenseID to value 2758435
Set parameter LicenseID to value 2758435
Set parameter LicenseID to value 2758435
Set parameter LicenseID to value 2758435
Set parameter LicenseID to value 2758435
Set parameter LicenseID to value 2758435
Set parameter LicenseID to value 2758435
Set parameter LicenseID to value 2758435
Set parameter LicenseID to value 2758435
Set parameter LicenseID to value 2758435
Set parameter LicenseID to value 2758435
Set parameter LicenseID to value 2758435
Set parameter LicenseID to value 2758435
Set parameter LicenseID to value 2758435
Set parameter LicenseID to value 2758435
Set parameter LicenseID to value 2758435
Set parameter LicenseID to value 2758435
Set parameter LicenseID to value 2758435
Set parameter LicenseID to value 2758435
Set parameter LicenseID to value 2758435
Set parameter LicenseID to value 2758435
Set parameter LicenseID to value 2758435
Set parameter LicenseID to value 2758435
Set parameter LicenseID to value 2758435
Set parameter LicenseID to value 2758435
Set parameter LicenseID to value 2758435
Set parameter LicenseID to value 2758435
Set parameter LicenseID to value 2758435
Set parameter LicenseID to value 2758435
Set parameter LicenseID to value 2758435
Set parameter LicenseID to value 2758435
Set parameter LicenseID to value 2758435
Set parameter LicenseID to value 2758435
Set parameter LicenseID to value 2758435
Set parameter LicenseID to value 2758435
Set parameter LicenseID to value 2758435
Set parameter LicenseID to value 2758435
Set parameter LicenseID to value 2758435
Set parameter LicenseID to value 2758435
Set parameter LicenseID to value 2758435
Set parameter LicenseID to value 2758435
Set parameter LicenseID to value 2758435
Set parameter LicenseID to value 2758435
Set parameter LicenseID to value 2758435
Set parameter LicenseID to value 2758435
Set parameter LicenseID to value 2758435
Set parameter LicenseID to value 2758435
Set parameter LicenseID to value 2758435
Set parameter LicenseID to value 2758435
Set parameter LicenseID to value 2758435
Set parameter LicenseID to value 2758435
Set parameter LicenseID to value 2758435
Set parameter LicenseID to value 2758435
Set parameter LicenseID to value 2758435
Set parameter LicenseID to value 2758435
Set parameter LicenseID to value 2758435
Set parameter LicenseID to value 2758435
Set parameter LicenseID to value 2758435
Set parameter LicenseID to value 2758435
Set parameter LicenseID to value 2758435
Set parameter LicenseID to value 2758435
Set parameter LicenseID to value 2758435
Set parameter LicenseID to value 2758435
Set parameter LicenseID to value 2758435
Set parameter LicenseID to value 2758435
Set parameter LicenseID to value 2758435
Set parameter LicenseID to value 2758435
Set parameter LicenseID to value 2758435
Set parameter LicenseID to value 2758435
Set parameter LicenseID to value 2758435
Set parameter LicenseID to value 2758435
Set parameter LicenseID to value 2758435
Set parameter LicenseID to value 2758435
Set parameter LicenseID to value 2758435
Set parameter LicenseID to value 2758435
Set parameter LicenseID to value 2758435
Set parameter LicenseID to value 2758435
Set parameter LicenseID to value 2758435
Set parameter LicenseID to value 2758435
Set parameter LicenseID to value 2758435
Set parameter LicenseID to value 2758435
Set parameter LicenseID to value 2758435
Set parameter LicenseID to value 2758435
Set parameter LicenseID to value 2758435
Set parameter LicenseID to value 2758435
Set parameter LicenseID to value 2758435
Set parameter LicenseID to value 2758435
Set parameter LicenseID to value 2758435
Set parameter LicenseID to value 2758435
Set parameter LicenseID to value 2758435
Set parameter LicenseID to value 2758435
Set parameter LicenseID to value 2758435
Set parameter LicenseID to value 2758435
Set parameter LicenseID to value 2758435
Set parameter LicenseID to value 2758435
Set parameter LicenseID to value 2758435
Set parameter LicenseID to value 2758435
Set parameter LicenseID to value 2758435
Set parameter LicenseID to value 2758435
Set parameter LicenseID to value 2758435
Set parameter LicenseID to value 2758435
Set parameter LicenseID to value 2758435
Set parameter LicenseID to value 2758435
Set parameter LicenseID to value 2758435
Set parameter LicenseID to value 2758435
Set parameter LicenseID to value 2758435
Set parameter LicenseID to value 2758435
Set parameter LicenseID to value 2758435
Set parameter LicenseID to value 2758435
Set parameter LicenseID to value 2758435
Set parameter LicenseID to value 2758435
Set parameter LicenseID to value 2758435
Set parameter LicenseID to value 2758435
Set parameter LicenseID to value 2758435
  round 117 ACCEPT: first-bit rank 318903 -> 318903  total_cost=13 changed=4 hots=5 scale=1
Set parameter LicenseID to value 2758435
Set parameter LicenseID to value 2758435
Set parameter LicenseID to value 2758435
Set parameter LicenseID to value 2758435
Set parameter LicenseID to value 2758435
Set parameter LicenseID to value 2758435
Set parameter LicenseID to value 2758435
Set parameter LicenseID to value 2758435
Set parameter LicenseID to value 2758435
Set parameter LicenseID to value 2758435
Set parameter LicenseID to value 2758435
Set parameter LicenseID to value 2758435
Set parameter LicenseID to value 2758435
Set parameter LicenseID to value 2758435
Set parameter LicenseID to value 2758435
Set parameter LicenseID to value 2758435
Set parameter LicenseID to value 2758435
Set parameter LicenseID to value 2758435
Set parameter LicenseID to value 2758435
Set parameter LicenseID to value 2758435
Set parameter LicenseID to value 2758435
Set parameter LicenseID to value 2758435
Set parameter LicenseID to value 2758435
Set parameter LicenseID to value 2758435
Set parameter LicenseID to value 2758435
Set parameter LicenseID to value 2758435
Set parameter LicenseID to value 2758435
Set parameter LicenseID to value 2758435
Set parameter LicenseID to value 2758435
Set parameter LicenseID to value 2758435
  round 122 ACCEPT: first-bit rank 318903 -> 318903  total_cost=13 changed=4 hots=5 scale=1
Set parameter LicenseID to value 2758435
Set parameter LicenseID to value 2758435
Set parameter LicenseID to value 2758435
Set parameter LicenseID to value 2758435
Set parameter LicenseID to value 2758435
Set parameter LicenseID to value 2758435
Set parameter LicenseID to value 2758435
Set parameter LicenseID to value 2758435
Set parameter LicenseID to value 2758435
Set parameter LicenseID to value 2758435
Set parameter LicenseID to value 2758435
Set parameter LicenseID to value 2758435
Set parameter LicenseID to value 2758435
Set parameter LicenseID to value 2758435
Set parameter LicenseID to value 2758435
Set parameter LicenseID to value 2758435
Set parameter LicenseID to value 2758435
Set parameter LicenseID to value 2758435
Set parameter LicenseID to value 2758435
Set parameter LicenseID to value 2758435
Set parameter LicenseID to value 2758435
Set parameter LicenseID to value 2758435
Set parameter LicenseID to value 2758435
Set parameter LicenseID to value 2758435
Set parameter LicenseID to value 2758435
Set parameter LicenseID to value 2758435
Set parameter LicenseID to value 2758435
Set parameter LicenseID to value 2758435
Set parameter LicenseID to value 2758435
Set parameter LicenseID to value 2758435
Set parameter LicenseID to value 2758435
Set parameter LicenseID to value 2758435
Set parameter LicenseID to value 2758435
Set parameter LicenseID to value 2758435
Set parameter LicenseID to value 2758435
Set parameter LicenseID to value 2758435
Set parameter LicenseID to value 2758435
Set parameter LicenseID to value 2758435
Set parameter LicenseID to value 2758435
Set parameter LicenseID to value 2758435
Set parameter LicenseID to value 2758435
Set parameter LicenseID to value 2758435
Set parameter LicenseID to value 2758435
Set parameter LicenseID to value 2758435
Set parameter LicenseID to value 2758435
Set parameter LicenseID to value 2758435
Set parameter LicenseID to value 2758435
Set parameter LicenseID to value 2758435
Set parameter LicenseID to value 2758435
Set parameter LicenseID to value 2758435
Set parameter LicenseID to value 2758435
Set parameter LicenseID to value 2758435
Set parameter LicenseID to value 2758435
Set parameter LicenseID to value 2758435
Set parameter LicenseID to value 2758435
Set parameter LicenseID to value 2758435
Set parameter LicenseID to value 2758435
Set parameter LicenseID to value 2758435
Set parameter LicenseID to value 2758435
Set parameter LicenseID to value 2758435
Set parameter LicenseID to value 2758435
Set parameter LicenseID to value 2758435
Set parameter LicenseID to value 2758435
Set parameter LicenseID to value 2758435
Set parameter LicenseID to value 2758435
Set parameter LicenseID to value 2758435
Set parameter LicenseID to value 2758435
Set parameter LicenseID to value 2758435
Set parameter LicenseID to value 2758435
Set parameter LicenseID to value 2758435
Set parameter LicenseID to value 2758435
Set parameter LicenseID to value 2758435
Set parameter LicenseID to value 2758435
Set parameter LicenseID to value 2758435
Set parameter LicenseID to value 2758435
Set parameter LicenseID to value 2758435
Set parameter LicenseID to value 2758435
Set parameter LicenseID to value 2758435
Set parameter LicenseID to value 2758435
Set parameter LicenseID to value 2758435
Set parameter LicenseID to value 2758435
Set parameter LicenseID to value 2758435
Set parameter LicenseID to value 2758435
Set parameter LicenseID to value 2758435
Set parameter LicenseID to value 2758435
Set parameter LicenseID to value 2758435
Set parameter LicenseID to value 2758435
Set parameter LicenseID to value 2758435
Set parameter LicenseID to value 2758435
Set parameter LicenseID to value 2758435
Set parameter LicenseID to value 2758435
Set parameter LicenseID to value 2758435
Set parameter LicenseID to value 2758435
Set parameter LicenseID to value 2758435
Set parameter LicenseID to value 2758435
Set parameter LicenseID to value 2758435
Set parameter LicenseID to value 2758435
Set parameter LicenseID to value 2758435
Set parameter LicenseID to value 2758435
Set parameter LicenseID to value 2758435
Set parameter LicenseID to value 2758435
Set parameter LicenseID to value 2758435
Set parameter LicenseID to value 2758435
Set parameter LicenseID to value 2758435
Set parameter LicenseID to value 2758435
Set parameter LicenseID to value 2758435
Set parameter LicenseID to value 2758435
Set parameter LicenseID to value 2758435
Set parameter LicenseID to value 2758435
Set parameter LicenseID to value 2758435
Set parameter LicenseID to value 2758435
Set parameter LicenseID to value 2758435
Set parameter LicenseID to value 2758435
Set parameter LicenseID to value 2758435
Set parameter LicenseID to value 2758435
Set parameter LicenseID to value 2758435
Set parameter LicenseID to value 2758435
Set parameter LicenseID to value 2758435
Set parameter LicenseID to value 2758435
Set parameter LicenseID to value 2758435
Set parameter LicenseID to value 2758435
Set parameter LicenseID to value 2758435
Set parameter LicenseID to value 2758435
Set parameter LicenseID to value 2758435
Set parameter LicenseID to value 2758435
Set parameter LicenseID to value 2758435
Set parameter LicenseID to value 2758435
Set parameter LicenseID to value 2758435
Set parameter LicenseID to value 2758435
Set parameter LicenseID to value 2758435
Set parameter LicenseID to value 2758435
Set parameter LicenseID to value 2758435
Set parameter LicenseID to value 2758435
Set parameter LicenseID to value 2758435
Set parameter LicenseID to value 2758435
Set parameter LicenseID to value 2758435
Set parameter LicenseID to value 2758435
Set parameter LicenseID to value 2758435
Set parameter LicenseID to value 2758435
Set parameter LicenseID to value 2758435
Set parameter LicenseID to value 2758435
Set parameter LicenseID to value 2758435
Set parameter LicenseID to value 2758435
Set parameter LicenseID to value 2758435
Set parameter LicenseID to value 2758435
Set parameter LicenseID to value 2758435
Set parameter LicenseID to value 2758435
Set parameter LicenseID to value 2758435
Set parameter LicenseID to value 2758435
Set parameter LicenseID to value 2758435
Set parameter LicenseID to value 2758435
Set parameter LicenseID to value 2758435
Set parameter LicenseID to value 2758435
Set parameter LicenseID to value 2758435
Set parameter LicenseID to value 2758435
Set parameter LicenseID to value 2758435
Set parameter LicenseID to value 2758435
Set parameter LicenseID to value 2758435
Set parameter LicenseID to value 2758435
Set parameter LicenseID to value 2758435
Set parameter LicenseID to value 2758435
Set parameter LicenseID to value 2758435
Set parameter LicenseID to value 2758435
Set parameter LicenseID to value 2758435
Set parameter LicenseID to value 2758435
Set parameter LicenseID to value 2758435
Set parameter LicenseID to value 2758435
Set parameter LicenseID to value 2758435
Set parameter LicenseID to value 2758435
Set parameter LicenseID to value 2758435
Set parameter LicenseID to value 2758435
Set parameter LicenseID to value 2758435
Set parameter LicenseID to value 2758435
Set parameter LicenseID to value 2758435
Set parameter LicenseID to value 2758435
Set parameter LicenseID to value 2758435
Set parameter LicenseID to value 2758435
Set parameter LicenseID to value 2758435
Set parameter LicenseID to value 2758435
Set parameter LicenseID to value 2758435
Set parameter LicenseID to value 2758435
Set parameter LicenseID to value 2758435
Set parameter LicenseID to value 2758435
Set parameter LicenseID to value 2758435
Set parameter LicenseID to value 2758435
Set parameter LicenseID to value 2758435
  round 153 ACCEPT: first-bit rank 318903 -> 318903  total_cost=13 changed=2 hots=4 scale=1
Set parameter LicenseID to value 2758435
Set parameter LicenseID to value 2758435
Set parameter LicenseID to value 2758435
Set parameter LicenseID to value 2758435
Set parameter LicenseID to value 2758435
Set parameter LicenseID to value 2758435
Set parameter LicenseID to value 2758435
Set parameter LicenseID to value 2758435
Set parameter LicenseID to value 2758435
Set parameter LicenseID to value 2758435
Set parameter LicenseID to value 2758435
Set parameter LicenseID to value 2758435
Set parameter LicenseID to value 2758435
Set parameter LicenseID to value 2758435
Set parameter LicenseID to value 2758435
Set parameter LicenseID to value 2758435
Set parameter LicenseID to value 2758435
Set parameter LicenseID to value 2758435
Set parameter LicenseID to value 2758435
Set parameter LicenseID to value 2758435
Set parameter LicenseID to value 2758435
Set parameter LicenseID to value 2758435
Set parameter LicenseID to value 2758435
Set parameter LicenseID to value 2758435
Set parameter LicenseID to value 2758435
Set parameter LicenseID to value 2758435
Set parameter LicenseID to value 2758435
Set parameter LicenseID to value 2758435
Set parameter LicenseID to value 2758435
Set parameter LicenseID to value 2758435
Set parameter LicenseID to value 2758435
Set parameter LicenseID to value 2758435
Set parameter LicenseID to value 2758435
Set parameter LicenseID to value 2758435
Set parameter LicenseID to value 2758435
Set parameter LicenseID to value 2758435
Set parameter LicenseID to value 2758435
Set parameter LicenseID to value 2758435
Set parameter LicenseID to value 2758435
Set parameter LicenseID to value 2758435
Set parameter LicenseID to value 2758435
Set parameter LicenseID to value 2758435
Set parameter LicenseID to value 2758435
Set parameter LicenseID to value 2758435
Set parameter LicenseID to value 2758435
Set parameter LicenseID to value 2758435
Set parameter LicenseID to value 2758435
Set parameter LicenseID to value 2758435
Set parameter LicenseID to value 2758435
Set parameter LicenseID to value 2758435
Set parameter LicenseID to value 2758435
Set parameter LicenseID to value 2758435
Set parameter LicenseID to value 2758435
Set parameter LicenseID to value 2758435
Set parameter LicenseID to value 2758435
Set parameter LicenseID to value 2758435
Set parameter LicenseID to value 2758435
Set parameter LicenseID to value 2758435
Set parameter LicenseID to value 2758435
Set parameter LicenseID to value 2758435
Set parameter LicenseID to value 2758435
Set parameter LicenseID to value 2758435
Set parameter LicenseID to value 2758435
Set parameter LicenseID to value 2758435
Set parameter LicenseID to value 2758435
Set parameter LicenseID to value 2758435
Set parameter LicenseID to value 2758435
Set parameter LicenseID to value 2758435
Set parameter LicenseID to value 2758435
Set parameter LicenseID to value 2758435
Set parameter LicenseID to value 2758435
Set parameter LicenseID to value 2758435
Set parameter LicenseID to value 2758435
Set parameter LicenseID to value 2758435
Set parameter LicenseID to value 2758435
Set parameter LicenseID to value 2758435
Set parameter LicenseID to value 2758435
Set parameter LicenseID to value 2758435
Set parameter LicenseID to value 2758435
Set parameter LicenseID to value 2758435
Set parameter LicenseID to value 2758435
Set parameter LicenseID to value 2758435
Set parameter LicenseID to value 2758435
Set parameter LicenseID to value 2758435
Set parameter LicenseID to value 2758435
Set parameter LicenseID to value 2758435
Set parameter LicenseID to value 2758435
Set parameter LicenseID to value 2758435
Set parameter LicenseID to value 2758435
Set parameter LicenseID to value 2758435
Set parameter LicenseID to value 2758435
Set parameter LicenseID to value 2758435
Set parameter LicenseID to value 2758435
Set parameter LicenseID to value 2758435
Set parameter LicenseID to value 2758435
Set parameter LicenseID to value 2758435
Set parameter LicenseID to value 2758435
Set parameter LicenseID to value 2758435
Set parameter LicenseID to value 2758435
Set parameter LicenseID to value 2758435
Set parameter LicenseID to value 2758435
Set parameter LicenseID to value 2758435
  round 170 ACCEPT: first-bit rank 318903 -> 318903  total_cost=13 changed=8 hots=4 scale=1
Set parameter LicenseID to value 2758435
Set parameter LicenseID to value 2758435
Set parameter LicenseID to value 2758435
Set parameter LicenseID to value 2758435
Set parameter LicenseID to value 2758435
Set parameter LicenseID to value 2758435
Set parameter LicenseID to value 2758435
Set parameter LicenseID to value 2758435
Set parameter LicenseID to value 2758435
Set parameter LicenseID to value 2758435
Set parameter LicenseID to value 2758435
Set parameter LicenseID to value 2758435
Set parameter LicenseID to value 2758435
Set parameter LicenseID to value 2758435
Set parameter LicenseID to value 2758435
Set parameter LicenseID to value 2758435
Set parameter LicenseID to value 2758435
Set parameter LicenseID to value 2758435
Set parameter LicenseID to value 2758435
Set parameter LicenseID to value 2758435
Set parameter LicenseID to value 2758435
Set parameter LicenseID to value 2758435
Set parameter LicenseID to value 2758435
Set parameter LicenseID to value 2758435
Set parameter LicenseID to value 2758435
Set parameter LicenseID to value 2758435
Set parameter LicenseID to value 2758435
Set parameter LicenseID to value 2758435
Set parameter LicenseID to value 2758435
Set parameter LicenseID to value 2758435
  round 175 ACCEPT: first-bit rank 318903 -> 318903  total_cost=13 changed=2 hots=4 scale=1
Set parameter LicenseID to value 2758435
Set parameter LicenseID to value 2758435
Set parameter LicenseID to value 2758435
Set parameter LicenseID to value 2758435
Set parameter LicenseID to value 2758435
Set parameter LicenseID to value 2758435
Set parameter LicenseID to value 2758435
Set parameter LicenseID to value 2758435
Set parameter LicenseID to value 2758435
Set parameter LicenseID to value 2758435
Set parameter LicenseID to value 2758435
Set parameter LicenseID to value 2758435
Set parameter LicenseID to value 2758435
Set parameter LicenseID to value 2758435
Set parameter LicenseID to value 2758435
Set parameter LicenseID to value 2758435
Set parameter LicenseID to value 2758435
Set parameter LicenseID to value 2758435
Set parameter LicenseID to value 2758435
Set parameter LicenseID to value 2758435
Set parameter LicenseID to value 2758435
Set parameter LicenseID to value 2758435
Set parameter LicenseID to value 2758435
Set parameter LicenseID to value 2758435
Set parameter LicenseID to value 2758435
Set parameter LicenseID to value 2758435
Set parameter LicenseID to value 2758435
Set parameter LicenseID to value 2758435
Set parameter LicenseID to value 2758435
Set parameter LicenseID to value 2758435
Set parameter LicenseID to value 2758435
Set parameter LicenseID to value 2758435
Set parameter LicenseID to value 2758435
Set parameter LicenseID to value 2758435
Set parameter LicenseID to value 2758435
Set parameter LicenseID to value 2758435
Set parameter LicenseID to value 2758435
Set parameter LicenseID to value 2758435
Set parameter LicenseID to value 2758435
Set parameter LicenseID to value 2758435
Set parameter LicenseID to value 2758435
Set parameter LicenseID to value 2758435
Set parameter LicenseID to value 2758435
Set parameter LicenseID to value 2758435
Set parameter LicenseID to value 2758435
Set parameter LicenseID to value 2758435
Set parameter LicenseID to value 2758435
Set parameter LicenseID to value 2758435
Set parameter LicenseID to value 2758435
Set parameter LicenseID to value 2758435
Set parameter LicenseID to value 2758435
Set parameter LicenseID to value 2758435
Set parameter LicenseID to value 2758435
Set parameter LicenseID to value 2758435
Set parameter LicenseID to value 2758435
Set parameter LicenseID to value 2758435
Set parameter LicenseID to value 2758435
Set parameter LicenseID to value 2758435
Set parameter LicenseID to value 2758435
Set parameter LicenseID to value 2758435
Set parameter LicenseID to value 2758435
Set parameter LicenseID to value 2758435
Set parameter LicenseID to value 2758435
Set parameter LicenseID to value 2758435
Set parameter LicenseID to value 2758435
Set parameter LicenseID to value 2758435
Set parameter LicenseID to value 2758435
Set parameter LicenseID to value 2758435
Set parameter LicenseID to value 2758435
Set parameter LicenseID to value 2758435
Set parameter LicenseID to value 2758435
Set parameter LicenseID to value 2758435
Set parameter LicenseID to value 2758435
Set parameter LicenseID to value 2758435
Set parameter LicenseID to value 2758435
Set parameter LicenseID to value 2758435
Set parameter LicenseID to value 2758435
Set parameter LicenseID to value 2758435
Set parameter LicenseID to value 2758435
Set parameter LicenseID to value 2758435
Set parameter LicenseID to value 2758435
Set parameter LicenseID to value 2758435
Set parameter LicenseID to value 2758435
Set parameter LicenseID to value 2758435
Set parameter LicenseID to value 2758435
Set parameter LicenseID to value 2758435
Set parameter LicenseID to value 2758435
Set parameter LicenseID to value 2758435
Set parameter LicenseID to value 2758435
Set parameter LicenseID to value 2758435
Set parameter LicenseID to value 2758435
Set parameter LicenseID to value 2758435
Set parameter LicenseID to value 2758435
Set parameter LicenseID to value 2758435
Set parameter LicenseID to value 2758435
Set parameter LicenseID to value 2758435
Set parameter LicenseID to value 2758435
Set parameter LicenseID to value 2758435
Set parameter LicenseID to value 2758435
Set parameter LicenseID to value 2758435
Set parameter LicenseID to value 2758435
Set parameter LicenseID to value 2758435
Set parameter LicenseID to value 2758435
Set parameter LicenseID to value 2758435
Set parameter LicenseID to value 2758435
Set parameter LicenseID to value 2758435
Set parameter LicenseID to value 2758435
Set parameter LicenseID to value 2758435
Set parameter LicenseID to value 2758435
Set parameter LicenseID to value 2758435
Set parameter LicenseID to value 2758435
Set parameter LicenseID to value 2758435
Set parameter LicenseID to value 2758435
Set parameter LicenseID to value 2758435
Set parameter LicenseID to value 2758435
Set parameter LicenseID to value 2758435
Set parameter LicenseID to value 2758435
Set parameter LicenseID to value 2758435
Set parameter LicenseID to value 2758435
Set parameter LicenseID to value 2758435
Set parameter LicenseID to value 2758435
Set parameter LicenseID to value 2758435
Set parameter LicenseID to value 2758435
Set parameter LicenseID to value 2758435
Set parameter LicenseID to value 2758435
Set parameter LicenseID to value 2758435
Set parameter LicenseID to value 2758435
Set parameter LicenseID to value 2758435
Set parameter LicenseID to value 2758435
Set parameter LicenseID to value 2758435
Set parameter LicenseID to value 2758435
Set parameter LicenseID to value 2758435
Set parameter LicenseID to value 2758435
Set parameter LicenseID to value 2758435
Set parameter LicenseID to value 2758435
Set parameter LicenseID to value 2758435
Set parameter LicenseID to value 2758435
Set parameter LicenseID to value 2758435
Set parameter LicenseID to value 2758435
Set parameter LicenseID to value 2758435
Set parameter LicenseID to value 2758435
Set parameter LicenseID to value 2758435
Set parameter LicenseID to value 2758435
Set parameter LicenseID to value 2758435
Set parameter LicenseID to value 2758435
Set parameter LicenseID to value 2758435
Set parameter LicenseID to value 2758435
Set parameter LicenseID to value 2758435
Set parameter LicenseID to value 2758435
Set parameter LicenseID to value 2758435
Set parameter LicenseID to value 2758435
Set parameter LicenseID to value 2758435
Set parameter LicenseID to value 2758435
Set parameter LicenseID to value 2758435
Set parameter LicenseID to value 2758435
Set parameter LicenseID to value 2758435
Set parameter LicenseID to value 2758435
Set parameter LicenseID to value 2758435
Set parameter LicenseID to value 2758435
Set parameter LicenseID to value 2758435
Set parameter LicenseID to value 2758435
Set parameter LicenseID to value 2758435
Set parameter LicenseID to value 2758435
Set parameter LicenseID to value 2758435
Set parameter LicenseID to value 2758435
Set parameter LicenseID to value 2758435
Set parameter LicenseID to value 2758435
Set parameter LicenseID to value 2758435
Set parameter LicenseID to value 2758435
Set parameter LicenseID to value 2758435
Set parameter LicenseID to value 2758435
Set parameter LicenseID to value 2758435
Set parameter LicenseID to value 2758435
Set parameter LicenseID to value 2758435
Set parameter LicenseID to value 2758435
Set parameter LicenseID to value 2758435
Set parameter LicenseID to value 2758435
Set parameter LicenseID to value 2758435
Set parameter LicenseID to value 2758435
Set parameter LicenseID to value 2758435
Set parameter LicenseID to value 2758435
Set parameter LicenseID to value 2758435
Set parameter LicenseID to value 2758435
Set parameter LicenseID to value 2758435
Set parameter LicenseID to value 2758435
Set parameter LicenseID to value 2758435
Set parameter LicenseID to value 2758435
Set parameter LicenseID to value 2758435
Set parameter LicenseID to value 2758435
Set parameter LicenseID to value 2758435
Set parameter LicenseID to value 2758435
Set parameter LicenseID to value 2758435
Set parameter LicenseID to value 2758435
Set parameter LicenseID to value 2758435
Set parameter LicenseID to value 2758435
Set parameter LicenseID to value 2758435
Set parameter LicenseID to value 2758435
Set parameter LicenseID to value 2758435
Set parameter LicenseID to value 2758435
Set parameter LicenseID to value 2758435
Set parameter LicenseID to value 2758435
Set parameter LicenseID to value 2758435
Set parameter LicenseID to value 2758435
Set parameter LicenseID to value 2758435
Set parameter LicenseID to value 2758435
Set parameter LicenseID to value 2758435
Set parameter LicenseID to value 2758435
Set parameter LicenseID to value 2758435
Set parameter LicenseID to value 2758435
Set parameter LicenseID to value 2758435
Set parameter LicenseID to value 2758435
Set parameter LicenseID to value 2758435
Set parameter LicenseID to value 2758435
Set parameter LicenseID to value 2758435
Set parameter LicenseID to value 2758435
Set parameter LicenseID to value 2758435
Set parameter LicenseID to value 2758435
Set parameter LicenseID to value 2758435
Set parameter LicenseID to value 2758435
Set parameter LicenseID to value 2758435
Set parameter LicenseID to value 2758435
Set parameter LicenseID to value 2758435
Set parameter LicenseID to value 2758435
Set parameter LicenseID to value 2758435
Set parameter LicenseID to value 2758435
Set parameter LicenseID to value 2758435
Set parameter LicenseID to value 2758435
Set parameter LicenseID to value 2758435
Set parameter LicenseID to value 2758435
Set parameter LicenseID to value 2758435
Set parameter LicenseID to value 2758435
Set parameter LicenseID to value 2758435
Set parameter LicenseID to value 2758435
Set parameter LicenseID to value 2758435
Set parameter LicenseID to value 2758435
Set parameter LicenseID to value 2758435
Set parameter LicenseID to value 2758435
Set parameter LicenseID to value 2758435
Set parameter LicenseID to value 2758435
Set parameter LicenseID to value 2758435
Set parameter LicenseID to value 2758435
Set parameter LicenseID to value 2758435
Set parameter LicenseID to value 2758435
Set parameter LicenseID to value 2758435
Set parameter LicenseID to value 2758435
Set parameter LicenseID to value 2758435
Set parameter LicenseID to value 2758435
Set parameter LicenseID to value 2758435
Set parameter LicenseID to value 2758435
Set parameter LicenseID to value 2758435
Set parameter LicenseID to value 2758435
Set parameter LicenseID to value 2758435
Set parameter LicenseID to value 2758435
Set parameter LicenseID to value 2758435
Set parameter LicenseID to value 2758435
Set parameter LicenseID to value 2758435
Set parameter LicenseID to value 2758435
Set parameter LicenseID to value 2758435
Set parameter LicenseID to value 2758435
Set parameter LicenseID to value 2758435
Set parameter LicenseID to value 2758435
Set parameter LicenseID to value 2758435
Set parameter LicenseID to value 2758435
Set parameter LicenseID to value 2758435
Set parameter LicenseID to value 2758435
Set parameter LicenseID to value 2758435
Set parameter LicenseID to value 2758435
Set parameter LicenseID to value 2758435
Set parameter LicenseID to value 2758435
Set parameter LicenseID to value 2758435
Set parameter LicenseID to value 2758435
Set parameter LicenseID to value 2758435
Set parameter LicenseID to value 2758435
Set parameter LicenseID to value 2758435
Set parameter LicenseID to value 2758435
Set parameter LicenseID to value 2758435
Set parameter LicenseID to value 2758435
Set parameter LicenseID to value 2758435
Set parameter LicenseID to value 2758435
Set parameter LicenseID to value 2758435
Set parameter LicenseID to value 2758435
Set parameter LicenseID to value 2758435
Set parameter LicenseID to value 2758435
Set parameter LicenseID to value 2758435
Set parameter LicenseID to value 2758435
Set parameter LicenseID to value 2758435
Set parameter LicenseID to value 2758435
Set parameter LicenseID to value 2758435
Set parameter LicenseID to value 2758435
Set parameter LicenseID to value 2758435
Set parameter LicenseID to value 2758435
Set parameter LicenseID to value 2758435
Set parameter LicenseID to value 2758435
Set parameter LicenseID to value 2758435
Set parameter LicenseID to value 2758435
Set parameter LicenseID to value 2758435
Set parameter LicenseID to value 2758435
Set parameter LicenseID to value 2758435
Set parameter LicenseID to value 2758435
Set parameter LicenseID to value 2758435
Set parameter LicenseID to value 2758435
Set parameter LicenseID to value 2758435
Set parameter LicenseID to value 2758435
Set parameter LicenseID to value 2758435
Set parameter LicenseID to value 2758435
Set parameter LicenseID to value 2758435
Set parameter LicenseID to value 2758435
Set parameter LicenseID to value 2758435
Set parameter LicenseID to value 2758435
Set parameter LicenseID to value 2758435
Set parameter LicenseID to value 2758435
Set parameter LicenseID to value 2758435
Set parameter LicenseID to value 2758435
Set parameter LicenseID to value 2758435
Set parameter LicenseID to value 2758435
Set parameter LicenseID to value 2758435
Set parameter LicenseID to value 2758435
Set parameter LicenseID to value 2758435
Set parameter LicenseID to value 2758435
Set parameter LicenseID to value 2758435
Set parameter LicenseID to value 2758435
Set parameter LicenseID to value 2758435
Set parameter LicenseID to value 2758435
Set parameter LicenseID to value 2758435
Set parameter LicenseID to value 2758435
Set parameter LicenseID to value 2758435
Set parameter LicenseID to value 2758435
Set parameter LicenseID to value 2758435
Set parameter LicenseID to value 2758435
Set parameter LicenseID to value 2758435
Set parameter LicenseID to value 2758435
Set parameter LicenseID to value 2758435
Set parameter LicenseID to value 2758435
Set parameter LicenseID to value 2758435
Set parameter LicenseID to value 2758435
Set parameter LicenseID to value 2758435
Set parameter LicenseID to value 2758435
Set parameter LicenseID to value 2758435
Set parameter LicenseID to value 2758435
Set parameter LicenseID to value 2758435
Set parameter LicenseID to value 2758435
Set parameter LicenseID to value 2758435
Set parameter LicenseID to value 2758435
Set parameter LicenseID to value 2758435
Set parameter LicenseID to value 2758435
Set parameter LicenseID to value 2758435
Set parameter LicenseID to value 2758435
Set parameter LicenseID to value 2758435
Set parameter LicenseID to value 2758435
Set parameter LicenseID to value 2758435
Set parameter LicenseID to value 2758435
Set parameter LicenseID to value 2758435
Set parameter LicenseID to value 2758435
Set parameter LicenseID to value 2758435
Set parameter LicenseID to value 2758435
Set parameter LicenseID to value 2758435
Set parameter LicenseID to value 2758435
Set parameter LicenseID to value 2758435
Set parameter LicenseID to value 2758435
Set parameter LicenseID to value 2758435
Set parameter LicenseID to value 2758435
Set parameter LicenseID to value 2758435
Set parameter LicenseID to value 2758435
Set parameter LicenseID to value 2758435
Set parameter LicenseID to value 2758435
Set parameter LicenseID to value 2758435
Set parameter LicenseID to value 2758435
Set parameter LicenseID to value 2758435
Set parameter LicenseID to value 2758435
Set parameter LicenseID to value 2758435
Set parameter LicenseID to value 2758435
Set parameter LicenseID to value 2758435
Set parameter LicenseID to value 2758435
Set parameter LicenseID to value 2758435
Set parameter LicenseID to value 2758435
Set parameter LicenseID to value 2758435
Set parameter LicenseID to value 2758435
Set parameter LicenseID to value 2758435
Set parameter LicenseID to value 2758435
Set parameter LicenseID to value 2758435
Set parameter LicenseID to value 2758435
Set parameter LicenseID to value 2758435
Set parameter LicenseID to value 2758435
Set parameter LicenseID to value 2758435
Set parameter LicenseID to value 2758435
Set parameter LicenseID to value 2758435
Set parameter LicenseID to value 2758435
Set parameter LicenseID to value 2758435
Set parameter LicenseID to value 2758435
Set parameter LicenseID to value 2758435
Set parameter LicenseID to value 2758435
Set parameter LicenseID to value 2758435
Set parameter LicenseID to value 2758435
Set parameter LicenseID to value 2758435
Set parameter LicenseID to value 2758435
Set parameter LicenseID to value 2758435
Set parameter LicenseID to value 2758435
Set parameter LicenseID to value 2758435
Set parameter LicenseID to value 2758435
Set parameter LicenseID to value 2758435
Set parameter LicenseID to value 2758435
Set parameter LicenseID to value 2758435
Set parameter LicenseID to value 2758435
Set parameter LicenseID to value 2758435
Set parameter LicenseID to value 2758435
Set parameter LicenseID to value 2758435
Set parameter LicenseID to value 2758435
Set parameter LicenseID to value 2758435
Set parameter LicenseID to value 2758435
Set parameter LicenseID to value 2758435
Set parameter LicenseID to value 2758435
Set parameter LicenseID to value 2758435
Set parameter LicenseID to value 2758435
Set parameter LicenseID to value 2758435
Set parameter LicenseID to value 2758435
Set parameter LicenseID to value 2758435
Set parameter LicenseID to value 2758435
Set parameter LicenseID to value 2758435
Set parameter LicenseID to value 2758435
Set parameter LicenseID to value 2758435
Set parameter LicenseID to value 2758435
Set parameter LicenseID to value 2758435
Set parameter LicenseID to value 2758435
Set parameter LicenseID to value 2758435
Set parameter LicenseID to value 2758435
Set parameter LicenseID to value 2758435
Set parameter LicenseID to value 2758435
Set parameter LicenseID to value 2758435
Set parameter LicenseID to value 2758435
Set parameter LicenseID to value 2758435
Set parameter LicenseID to value 2758435
Set parameter LicenseID to value 2758435
Set parameter LicenseID to value 2758435
Set parameter LicenseID to value 2758435
Set parameter LicenseID to value 2758435
Set parameter LicenseID to value 2758435
Set parameter LicenseID to value 2758435
Set parameter LicenseID to value 2758435
Set parameter LicenseID to value 2758435
Set parameter LicenseID to value 2758435
Set parameter LicenseID to value 2758435
Set parameter LicenseID to value 2758435
Set parameter LicenseID to value 2758435
Set parameter LicenseID to value 2758435
Set parameter LicenseID to value 2758435
Set parameter LicenseID to value 2758435
Set parameter LicenseID to value 2758435
Set parameter LicenseID to value 2758435
Set parameter LicenseID to value 2758435
Set parameter LicenseID to value 2758435
Set parameter LicenseID to value 2758435
Set parameter LicenseID to value 2758435
Set parameter LicenseID to value 2758435
Set parameter LicenseID to value 2758435
Set parameter LicenseID to value 2758435
Set parameter LicenseID to value 2758435
Set parameter LicenseID to value 2758435
Set parameter LicenseID to value 2758435
Set parameter LicenseID to value 2758435
Set parameter LicenseID to value 2758435
Set parameter LicenseID to value 2758435
Set parameter LicenseID to value 2758435
Set parameter LicenseID to value 2758435
Set parameter LicenseID to value 2758435
Set parameter LicenseID to value 2758435
Set parameter LicenseID to value 2758435
Set parameter LicenseID to value 2758435
Set parameter LicenseID to value 2758435
Set parameter LicenseID to value 2758435
Set parameter LicenseID to value 2758435
Set parameter LicenseID to value 2758435
Set parameter LicenseID to value 2758435
Set parameter LicenseID to value 2758435
Set parameter LicenseID to value 2758435
Set parameter LicenseID to value 2758435
Set parameter LicenseID to value 2758435
Set parameter LicenseID to value 2758435
Set parameter LicenseID to value 2758435
Set parameter LicenseID to value 2758435
Set parameter LicenseID to value 2758435
Set parameter LicenseID to value 2758435
Set parameter LicenseID to value 2758435
Set parameter LicenseID to value 2758435
Set parameter LicenseID to value 2758435
Set parameter LicenseID to value 2758435
Set parameter LicenseID to value 2758435
Set parameter LicenseID to value 2758435
Set parameter LicenseID to value 2758435
Set parameter LicenseID to value 2758435
Set parameter LicenseID to value 2758435
Set parameter LicenseID to value 2758435
Set parameter LicenseID to value 2758435
Set parameter LicenseID to value 2758435
Set parameter LicenseID to value 2758435
Set parameter LicenseID to value 2758435
Set parameter LicenseID to value 2758435
Set parameter LicenseID to value 2758435
Set parameter LicenseID to value 2758435
  round 258 ACCEPT: first-bit rank 318903 -> 318903  total_cost=13 changed=2 hots=3 scale=1
Set parameter LicenseID to value 2758435
Set parameter LicenseID to value 2758435
Set parameter LicenseID to value 2758435
Set parameter LicenseID to value 2758435
Set parameter LicenseID to value 2758435
Set parameter LicenseID to value 2758435
Set parameter LicenseID to value 2758435
Set parameter LicenseID to value 2758435
Set parameter LicenseID to value 2758435
Set parameter LicenseID to value 2758435
Set parameter LicenseID to value 2758435
Set parameter LicenseID to value 2758435
Set parameter LicenseID to value 2758435
Set parameter LicenseID to value 2758435
Set parameter LicenseID to value 2758435
Set parameter LicenseID to value 2758435
Set parameter LicenseID to value 2758435
Set parameter LicenseID to value 2758435
Set parameter LicenseID to value 2758435
Set parameter LicenseID to value 2758435
Set parameter LicenseID to value 2758435
Set parameter LicenseID to value 2758435
Set parameter LicenseID to value 2758435
Set parameter LicenseID to value 2758435
Set parameter LicenseID to value 2758435
Set parameter LicenseID to value 2758435
Set parameter LicenseID to value 2758435
Set parameter LicenseID to value 2758435
Set parameter LicenseID to value 2758435
Set parameter LicenseID to value 2758435
Set parameter LicenseID to value 2758435
Set parameter LicenseID to value 2758435
Set parameter LicenseID to value 2758435
Set parameter LicenseID to value 2758435
Set parameter LicenseID to value 2758435
Set parameter LicenseID to value 2758435
Set parameter LicenseID to value 2758435
Set parameter LicenseID to value 2758435
Set parameter LicenseID to value 2758435
Set parameter LicenseID to value 2758435
Set parameter LicenseID to value 2758435
Set parameter LicenseID to value 2758435
Set parameter LicenseID to value 2758435
Set parameter LicenseID to value 2758435
Set parameter LicenseID to value 2758435
Set parameter LicenseID to value 2758435
Set parameter LicenseID to value 2758435
Set parameter LicenseID to value 2758435
Set parameter LicenseID to value 2758435
Set parameter LicenseID to value 2758435
Set parameter LicenseID to value 2758435
Set parameter LicenseID to value 2758435
Set parameter LicenseID to value 2758435
Set parameter LicenseID to value 2758435
Set parameter LicenseID to value 2758435
Set parameter LicenseID to value 2758435
Set parameter LicenseID to value 2758435
Set parameter LicenseID to value 2758435
Set parameter LicenseID to value 2758435
Set parameter LicenseID to value 2758435
Set parameter LicenseID to value 2758435
Set parameter LicenseID to value 2758435
Set parameter LicenseID to value 2758435
Set parameter LicenseID to value 2758435
Set parameter LicenseID to value 2758435
Set parameter LicenseID to value 2758435
Set parameter LicenseID to value 2758435
Set parameter LicenseID to value 2758435
Set parameter LicenseID to value 2758435
Set parameter LicenseID to value 2758435
Set parameter LicenseID to value 2758435
Set parameter LicenseID to value 2758435
Set parameter LicenseID to value 2758435
Set parameter LicenseID to value 2758435
Set parameter LicenseID to value 2758435
Set parameter LicenseID to value 2758435
Set parameter LicenseID to value 2758435
Set parameter LicenseID to value 2758435
Set parameter LicenseID to value 2758435
Set parameter LicenseID to value 2758435
Set parameter LicenseID to value 2758435
Set parameter LicenseID to value 2758435
Set parameter LicenseID to value 2758435
Set parameter LicenseID to value 2758435
Set parameter LicenseID to value 2758435
Set parameter LicenseID to value 2758435
Set parameter LicenseID to value 2758435
Set parameter LicenseID to value 2758435
Set parameter LicenseID to value 2758435
Set parameter LicenseID to value 2758435
Set parameter LicenseID to value 2758435
Set parameter LicenseID to value 2758435
Set parameter LicenseID to value 2758435
Set parameter LicenseID to value 2758435
Set parameter LicenseID to value 2758435
Set parameter LicenseID to value 2758435
Set parameter LicenseID to value 2758435
Set parameter LicenseID to value 2758435
Set parameter LicenseID to value 2758435
Set parameter LicenseID to value 2758435
Set parameter LicenseID to value 2758435
Set parameter LicenseID to value 2758435
Set parameter LicenseID to value 2758435
Set parameter LicenseID to value 2758435
Set parameter LicenseID to value 2758435
Set parameter LicenseID to value 2758435
Set parameter LicenseID to value 2758435
Set parameter LicenseID to value 2758435
Set parameter LicenseID to value 2758435
Set parameter LicenseID to value 2758435
Set parameter LicenseID to value 2758435
Set parameter LicenseID to value 2758435
Set parameter LicenseID to value 2758435
Set parameter LicenseID to value 2758435
Set parameter LicenseID to value 2758435
Set parameter LicenseID to value 2758435
Set parameter LicenseID to value 2758435
Set parameter LicenseID to value 2758435
Set parameter LicenseID to value 2758435
Set parameter LicenseID to value 2758435
Set parameter LicenseID to value 2758435
Set parameter LicenseID to value 2758435
Set parameter LicenseID to value 2758435
Set parameter LicenseID to value 2758435
Set parameter LicenseID to value 2758435
Set parameter LicenseID to value 2758435
Set parameter LicenseID to value 2758435
Set parameter LicenseID to value 2758435
Set parameter LicenseID to value 2758435
Set parameter LicenseID to value 2758435
Set parameter LicenseID to value 2758435
Set parameter LicenseID to value 2758435
Set parameter LicenseID to value 2758435
Set parameter LicenseID to value 2758435
Set parameter LicenseID to value 2758435
Set parameter LicenseID to value 2758435
Set parameter LicenseID to value 2758435
Set parameter LicenseID to value 2758435
Set parameter LicenseID to value 2758435
Set parameter LicenseID to value 2758435
Set parameter LicenseID to value 2758435
Set parameter LicenseID to value 2758435
Set parameter LicenseID to value 2758435
Set parameter LicenseID to value 2758435
Set parameter LicenseID to value 2758435
Set parameter LicenseID to value 2758435
Set parameter LicenseID to value 2758435
Set parameter LicenseID to value 2758435
Set parameter LicenseID to value 2758435
Set parameter LicenseID to value 2758435
Set parameter LicenseID to value 2758435
Set parameter LicenseID to value 2758435
Set parameter LicenseID to value 2758435
Set parameter LicenseID to value 2758435
Set parameter LicenseID to value 2758435
Set parameter LicenseID to value 2758435
Set parameter LicenseID to value 2758435
Set parameter LicenseID to value 2758435
Set parameter LicenseID to value 2758435
Set parameter LicenseID to value 2758435
Set parameter LicenseID to value 2758435
Set parameter LicenseID to value 2758435
Set parameter LicenseID to value 2758435
Set parameter LicenseID to value 2758435
Set parameter LicenseID to value 2758435
Set parameter LicenseID to value 2758435
Set parameter LicenseID to value 2758435
Set parameter LicenseID to value 2758435
Set parameter LicenseID to value 2758435
Set parameter LicenseID to value 2758435
Set parameter LicenseID to value 2758435
Set parameter LicenseID to value 2758435
Set parameter LicenseID to value 2758435
Set parameter LicenseID to value 2758435
Set parameter LicenseID to value 2758435
Set parameter LicenseID to value 2758435
Set parameter LicenseID to value 2758435
Set parameter LicenseID to value 2758435
Set parameter LicenseID to value 2758435
Set parameter LicenseID to value 2758435
Set parameter LicenseID to value 2758435
Set parameter LicenseID to value 2758435
Set parameter LicenseID to value 2758435
Set parameter LicenseID to value 2758435
Set parameter LicenseID to value 2758435
Set parameter LicenseID to value 2758435
Set parameter LicenseID to value 2758435
Set parameter LicenseID to value 2758435
Set parameter LicenseID to value 2758435
Set parameter LicenseID to value 2758435
Set parameter LicenseID to value 2758435
Set parameter LicenseID to value 2758435
Set parameter LicenseID to value 2758435
Set parameter LicenseID to value 2758435
Set parameter LicenseID to value 2758435
Set parameter LicenseID to value 2758435
Set parameter LicenseID to value 2758435
Set parameter LicenseID to value 2758435
Set parameter LicenseID to value 2758435
Set parameter LicenseID to value 2758435
Set parameter LicenseID to value 2758435
Set parameter LicenseID to value 2758435
Set parameter LicenseID to value 2758435
Set parameter LicenseID to value 2758435
Set parameter LicenseID to value 2758435
Set parameter LicenseID to value 2758435
Set parameter LicenseID to value 2758435
Set parameter LicenseID to value 2758435
Set parameter LicenseID to value 2758435
Set parameter LicenseID to value 2758435
  round 293 ACCEPT: first-bit rank 318903 -> 318903  total_cost=13 changed=2 hots=3 scale=1
Set parameter LicenseID to value 2758435
Set parameter LicenseID to value 2758435
Set parameter LicenseID to value 2758435
Set parameter LicenseID to value 2758435
Set parameter LicenseID to value 2758435
Set parameter LicenseID to value 2758435
Set parameter LicenseID to value 2758435
Set parameter LicenseID to value 2758435
Set parameter LicenseID to value 2758435
Set parameter LicenseID to value 2758435
Set parameter LicenseID to value 2758435
Set parameter LicenseID to value 2758435
Set parameter LicenseID to value 2758435
Set parameter LicenseID to value 2758435
Set parameter LicenseID to value 2758435
Set parameter LicenseID to value 2758435
Set parameter LicenseID to value 2758435
Set parameter LicenseID to value 2758435
Set parameter LicenseID to value 2758435
Set parameter LicenseID to value 2758435
Set parameter LicenseID to value 2758435
Set parameter LicenseID to value 2758435
Set parameter LicenseID to value 2758435
Set parameter LicenseID to value 2758435
Set parameter LicenseID to value 2758435
Set parameter LicenseID to value 2758435
Set parameter LicenseID to value 2758435
Set parameter LicenseID to value 2758435
Set parameter LicenseID to value 2758435
Set parameter LicenseID to value 2758435
Set parameter LicenseID to value 2758435
Set parameter LicenseID to value 2758435
Set parameter LicenseID to value 2758435
Set parameter LicenseID to value 2758435
Set parameter LicenseID to value 2758435
Set parameter LicenseID to value 2758435
Set parameter LicenseID to value 2758435
Set parameter LicenseID to value 2758435
Set parameter LicenseID to value 2758435
Set parameter LicenseID to value 2758435
Set parameter LicenseID to value 2758435
Set parameter LicenseID to value 2758435
Set parameter LicenseID to value 2758435
Set parameter LicenseID to value 2758435
Set parameter LicenseID to value 2758435
Set parameter LicenseID to value 2758435
Set parameter LicenseID to value 2758435
Set parameter LicenseID to value 2758435
Set parameter LicenseID to value 2758435
Set parameter LicenseID to value 2758435
Set parameter LicenseID to value 2758435
Set parameter LicenseID to value 2758435
Set parameter LicenseID to value 2758435
Set parameter LicenseID to value 2758435
Set parameter LicenseID to value 2758435
Set parameter LicenseID to value 2758435
Set parameter LicenseID to value 2758435
Set parameter LicenseID to value 2758435
Set parameter LicenseID to value 2758435
Set parameter LicenseID to value 2758435
Set parameter LicenseID to value 2758435
Set parameter LicenseID to value 2758435
Set parameter LicenseID to value 2758435
Set parameter LicenseID to value 2758435
Set parameter LicenseID to value 2758435
Set parameter LicenseID to value 2758435
Set parameter LicenseID to value 2758435
Set parameter LicenseID to value 2758435
Set parameter LicenseID to value 2758435
Set parameter LicenseID to value 2758435
Set parameter LicenseID to value 2758435
Set parameter LicenseID to value 2758435
Set parameter LicenseID to value 2758435
Set parameter LicenseID to value 2758435
Set parameter LicenseID to value 2758435
Set parameter LicenseID to value 2758435
Set parameter LicenseID to value 2758435
Set parameter LicenseID to value 2758435
Set parameter LicenseID to value 2758435
Set parameter LicenseID to value 2758435
Set parameter LicenseID to value 2758435
Set parameter LicenseID to value 2758435
Set parameter LicenseID to value 2758435
Set parameter LicenseID to value 2758435
Set parameter LicenseID to value 2758435
Set parameter LicenseID to value 2758435
Set parameter LicenseID to value 2758435
Set parameter LicenseID to value 2758435
Set parameter LicenseID to value 2758435
Set parameter LicenseID to value 2758435
Set parameter LicenseID to value 2758435
Set parameter LicenseID to value 2758435
Set parameter LicenseID to value 2758435
Set parameter LicenseID to value 2758435
Set parameter LicenseID to value 2758435
Set parameter LicenseID to value 2758435
Set parameter LicenseID to value 2758435
Set parameter LicenseID to value 2758435
Set parameter LicenseID to value 2758435
Set parameter LicenseID to value 2758435
Set parameter LicenseID to value 2758435
Set parameter LicenseID to value 2758435
Set parameter LicenseID to value 2758435
Set parameter LicenseID to value 2758435
Set parameter LicenseID to value 2758435
Set parameter LicenseID to value 2758435
Set parameter LicenseID to value 2758435
Set parameter LicenseID to value 2758435
Set parameter LicenseID to value 2758435
Set parameter LicenseID to value 2758435
Set parameter LicenseID to value 2758435
Set parameter LicenseID to value 2758435
Set parameter LicenseID to value 2758435
Set parameter LicenseID to value 2758435
Set parameter LicenseID to value 2758435
Set parameter LicenseID to value 2758435
Set parameter LicenseID to value 2758435
Set parameter LicenseID to value 2758435
Set parameter LicenseID to value 2758435
Set parameter LicenseID to value 2758435
Set parameter LicenseID to value 2758435
Set parameter LicenseID to value 2758435
Set parameter LicenseID to value 2758435
Set parameter LicenseID to value 2758435
Set parameter LicenseID to value 2758435
Set parameter LicenseID to value 2758435
Set parameter LicenseID to value 2758435
Set parameter LicenseID to value 2758435
Set parameter LicenseID to value 2758435
Set parameter LicenseID to value 2758435
Set parameter LicenseID to value 2758435
Set parameter LicenseID to value 2758435
Set parameter LicenseID to value 2758435
Set parameter LicenseID to value 2758435
Set parameter LicenseID to value 2758435
Set parameter LicenseID to value 2758435
Set parameter LicenseID to value 2758435
Set parameter LicenseID to value 2758435
Set parameter LicenseID to value 2758435
Set parameter LicenseID to value 2758435
Set parameter LicenseID to value 2758435
Set parameter LicenseID to value 2758435
Set parameter LicenseID to value 2758435
Set parameter LicenseID to value 2758435
Set parameter LicenseID to value 2758435
Set parameter LicenseID to value 2758435
Set parameter LicenseID to value 2758435
Set parameter LicenseID to value 2758435
Set parameter LicenseID to value 2758435
Set parameter LicenseID to value 2758435
Set parameter LicenseID to value 2758435
Set parameter LicenseID to value 2758435
Set parameter LicenseID to value 2758435
Set parameter LicenseID to value 2758435
Set parameter LicenseID to value 2758435
Set parameter LicenseID to value 2758435
Set parameter LicenseID to value 2758435
Set parameter LicenseID to value 2758435
Set parameter LicenseID to value 2758435
Set parameter LicenseID to value 2758435
Set parameter LicenseID to value 2758435
Set parameter LicenseID to value 2758435
Set parameter LicenseID to value 2758435
Set parameter LicenseID to value 2758435
Set parameter LicenseID to value 2758435
Set parameter LicenseID to value 2758435
Set parameter LicenseID to value 2758435
Set parameter LicenseID to value 2758435
Set parameter LicenseID to value 2758435
Set parameter LicenseID to value 2758435
Set parameter LicenseID to value 2758435
Set parameter LicenseID to value 2758435
Set parameter LicenseID to value 2758435
Set parameter LicenseID to value 2758435
Set parameter LicenseID to value 2758435
Set parameter LicenseID to value 2758435
Set parameter LicenseID to value 2758435
Set parameter LicenseID to value 2758435
Set parameter LicenseID to value 2758435
Set parameter LicenseID to value 2758435
Set parameter LicenseID to value 2758435
Set parameter LicenseID to value 2758435
Set parameter LicenseID to value 2758435
Set parameter LicenseID to value 2758435
Set parameter LicenseID to value 2758435
Set parameter LicenseID to value 2758435
Set parameter LicenseID to value 2758435
Set parameter LicenseID to value 2758435
Set parameter LicenseID to value 2758435
Set parameter LicenseID to value 2758435
Set parameter LicenseID to value 2758435
Set parameter LicenseID to value 2758435
Set parameter LicenseID to value 2758435
Set parameter LicenseID to value 2758435
Set parameter LicenseID to value 2758435
Set parameter LicenseID to value 2758435
Set parameter LicenseID to value 2758435
Set parameter LicenseID to value 2758435
Set parameter LicenseID to value 2758435
Set parameter LicenseID to value 2758435
Set parameter LicenseID to value 2758435
Set parameter LicenseID to value 2758435
Set parameter LicenseID to value 2758435
Set parameter LicenseID to value 2758435
Set parameter LicenseID to value 2758435
Set parameter LicenseID to value 2758435
Set parameter LicenseID to value 2758435
Set parameter LicenseID to value 2758435
Set parameter LicenseID to value 2758435
Set parameter LicenseID to value 2758435
Set parameter LicenseID to value 2758435
Set parameter LicenseID to value 2758435
Set parameter LicenseID to value 2758435
Set parameter LicenseID to value 2758435
Set parameter LicenseID to value 2758435
Set parameter LicenseID to value 2758435
Set parameter LicenseID to value 2758435
Set parameter LicenseID to value 2758435
Set parameter LicenseID to value 2758435
Set parameter LicenseID to value 2758435
Set parameter LicenseID to value 2758435
Set parameter LicenseID to value 2758435
Set parameter LicenseID to value 2758435
Set parameter LicenseID to value 2758435
Set parameter LicenseID to value 2758435
Set parameter LicenseID to value 2758435
Set parameter LicenseID to value 2758435
Set parameter LicenseID to value 2758435
Set parameter LicenseID to value 2758435
Set parameter LicenseID to value 2758435
Set parameter LicenseID to value 2758435
Set parameter LicenseID to value 2758435
Set parameter LicenseID to value 2758435
Set parameter LicenseID to value 2758435
Set parameter LicenseID to value 2758435
Set parameter LicenseID to value 2758435
Set parameter LicenseID to value 2758435
Set parameter LicenseID to value 2758435
Set parameter LicenseID to value 2758435
Set parameter LicenseID to value 2758435
Set parameter LicenseID to value 2758435
Set parameter LicenseID to value 2758435
Set parameter LicenseID to value 2758435
Set parameter LicenseID to value 2758435
Set parameter LicenseID to value 2758435
Set parameter LicenseID to value 2758435
Set parameter LicenseID to value 2758435
Set parameter LicenseID to value 2758435
Set parameter LicenseID to value 2758435
Set parameter LicenseID to value 2758435
Set parameter LicenseID to value 2758435
Set parameter LicenseID to value 2758435
Set parameter LicenseID to value 2758435
Set parameter LicenseID to value 2758435
Set parameter LicenseID to value 2758435
Set parameter LicenseID to value 2758435
Set parameter LicenseID to value 2758435
Set parameter LicenseID to value 2758435
Set parameter LicenseID to value 2758435
Set parameter LicenseID to value 2758435
Set parameter LicenseID to value 2758435
Set parameter LicenseID to value 2758435
Set parameter LicenseID to value 2758435
Set parameter LicenseID to value 2758435
Set parameter LicenseID to value 2758435
Set parameter LicenseID to value 2758435
Set parameter LicenseID to value 2758435
Set parameter LicenseID to value 2758435
Set parameter LicenseID to value 2758435
Set parameter LicenseID to value 2758435
Set parameter LicenseID to value 2758435
Set parameter LicenseID to value 2758435
Set parameter LicenseID to value 2758435
Set parameter LicenseID to value 2758435
Set parameter LicenseID to value 2758435
Set parameter LicenseID to value 2758435
Set parameter LicenseID to value 2758435
Set parameter LicenseID to value 2758435
Set parameter LicenseID to value 2758435
Set parameter LicenseID to value 2758435
Set parameter LicenseID to value 2758435
Set parameter LicenseID to value 2758435
Set parameter LicenseID to value 2758435
Set parameter LicenseID to value 2758435
Set parameter LicenseID to value 2758435
Set parameter LicenseID to value 2758435
Set parameter LicenseID to value 2758435
Set parameter LicenseID to value 2758435
Set parameter LicenseID to value 2758435
Set parameter LicenseID to value 2758435
Set parameter LicenseID to value 2758435
Set parameter LicenseID to value 2758435
Set parameter LicenseID to value 2758435
Set parameter LicenseID to value 2758435
Set parameter LicenseID to value 2758435
Set parameter LicenseID to value 2758435
Set parameter LicenseID to value 2758435
Set parameter LicenseID to value 2758435
Set parameter LicenseID to value 2758435
Set parameter LicenseID to value 2758435
Set parameter LicenseID to value 2758435
Set parameter LicenseID to value 2758435
Set parameter LicenseID to value 2758435
Set parameter LicenseID to value 2758435
Set parameter LicenseID to value 2758435
Set parameter LicenseID to value 2758435
Set parameter LicenseID to value 2758435
Set parameter LicenseID to value 2758435
Set parameter LicenseID to value 2758435
Set parameter LicenseID to value 2758435
Set parameter LicenseID to value 2758435
Set parameter LicenseID to value 2758435
Set parameter LicenseID to value 2758435
Set parameter LicenseID to value 2758435
Set parameter LicenseID to value 2758435
Set parameter LicenseID to value 2758435
Set parameter LicenseID to value 2758435
Set parameter LicenseID to value 2758435
Set parameter LicenseID to value 2758435
Set parameter LicenseID to value 2758435
Set parameter LicenseID to value 2758435
Set parameter LicenseID to value 2758435
Set parameter LicenseID to value 2758435
Set parameter LicenseID to value 2758435
Set parameter LicenseID to value 2758435
Set parameter LicenseID to value 2758435
Set parameter LicenseID to value 2758435
Set parameter LicenseID to value 2758435
Set parameter LicenseID to value 2758435
Set parameter LicenseID to value 2758435
Set parameter LicenseID to value 2758435
Set parameter LicenseID to value 2758435
Set parameter LicenseID to value 2758435
Set parameter LicenseID to value 2758435
Set parameter LicenseID to value 2758435
Set parameter LicenseID to value 2758435
Set parameter LicenseID to value 2758435
Set parameter LicenseID to value 2758435
Set parameter LicenseID to value 2758435
Set parameter LicenseID to value 2758435
Set parameter LicenseID to value 2758435
Set parameter LicenseID to value 2758435
Set parameter LicenseID to value 2758435
Set parameter LicenseID to value 2758435
Set parameter LicenseID to value 2758435
Set parameter LicenseID to value 2758435
Set parameter LicenseID to value 2758435
Set parameter LicenseID to value 2758435
Set parameter LicenseID to value 2758435
Set parameter LicenseID to value 2758435
Set parameter LicenseID to value 2758435
Set parameter LicenseID to value 2758435
Set parameter LicenseID to value 2758435
Set parameter LicenseID to value 2758435
Set parameter LicenseID to value 2758435
Set parameter LicenseID to value 2758435
Set parameter LicenseID to value 2758435
Set parameter LicenseID to value 2758435
Set parameter LicenseID to value 2758435
Set parameter LicenseID to value 2758435
Set parameter LicenseID to value 2758435
Set parameter LicenseID to value 2758435
Set parameter LicenseID to value 2758435
Set parameter LicenseID to value 2758435
Set parameter LicenseID to value 2758435
Set parameter LicenseID to value 2758435
Set parameter LicenseID to value 2758435
Set parameter LicenseID to value 2758435
Set parameter LicenseID to value 2758435
Set parameter LicenseID to value 2758435
Set parameter LicenseID to value 2758435
Set parameter LicenseID to value 2758435
Set parameter LicenseID to value 2758435
Set parameter LicenseID to value 2758435
Set parameter LicenseID to value 2758435
Set parameter LicenseID to value 2758435
Set parameter LicenseID to value 2758435
Set parameter LicenseID to value 2758435
Set parameter LicenseID to value 2758435
Set parameter LicenseID to value 2758435
Set parameter LicenseID to value 2758435
Set parameter LicenseID to value 2758435
Set parameter LicenseID to value 2758435
Set parameter LicenseID to value 2758435
Set parameter LicenseID to value 2758435
Set parameter LicenseID to value 2758435
Set parameter LicenseID to value 2758435
Set parameter LicenseID to value 2758435
Set parameter LicenseID to value 2758435
Set parameter LicenseID to value 2758435
Set parameter LicenseID to value 2758435
Set parameter LicenseID to value 2758435
Set parameter LicenseID to value 2758435
Set parameter LicenseID to value 2758435
Set parameter LicenseID to value 2758435
Set parameter LicenseID to value 2758435
Set parameter LicenseID to value 2758435
Set parameter LicenseID to value 2758435
Set parameter LicenseID to value 2758435
Set parameter LicenseID to value 2758435
Set parameter LicenseID to value 2758435
Set parameter LicenseID to value 2758435
Set parameter LicenseID to value 2758435
Set parameter LicenseID to value 2758435
Set parameter LicenseID to value 2758435
Set parameter LicenseID to value 2758435
Set parameter LicenseID to value 2758435
Set parameter LicenseID to value 2758435
Set parameter LicenseID to value 2758435
Set parameter LicenseID to value 2758435
Set parameter LicenseID to value 2758435
Set parameter LicenseID to value 2758435
Set parameter LicenseID to value 2758435
Set parameter LicenseID to value 2758435
Set parameter LicenseID to value 2758435
Set parameter LicenseID to value 2758435
Set parameter LicenseID to value 2758435
Set parameter LicenseID to value 2758435
Set parameter LicenseID to value 2758435
Set parameter LicenseID to value 2758435
Set parameter LicenseID to value 2758435
Set parameter LicenseID to value 2758435
Set parameter LicenseID to value 2758435
Set parameter LicenseID to value 2758435
Set parameter LicenseID to value 2758435
Set parameter LicenseID to value 2758435
Set parameter LicenseID to value 2758435
Set parameter LicenseID to value 2758435
Set parameter LicenseID to value 2758435
Set parameter LicenseID to value 2758435
Set parameter LicenseID to value 2758435
Set parameter LicenseID to value 2758435
Set parameter LicenseID to value 2758435
Set parameter LicenseID to value 2758435
Set parameter LicenseID to value 2758435
Set parameter LicenseID to value 2758435
Set parameter LicenseID to value 2758435
Set parameter LicenseID to value 2758435
Set parameter LicenseID to value 2758435
Set parameter LicenseID to value 2758435
Set parameter LicenseID to value 2758435
Set parameter LicenseID to value 2758435
Set parameter LicenseID to value 2758435
Set parameter LicenseID to value 2758435
Set parameter LicenseID to value 2758435
Set parameter LicenseID to value 2758435
Set parameter LicenseID to value 2758435
Set parameter LicenseID to value 2758435
Set parameter LicenseID to value 2758435
Set parameter LicenseID to value 2758435
Set parameter LicenseID to value 2758435
Set parameter LicenseID to value 2758435
Set parameter LicenseID to value 2758435
Set parameter LicenseID to value 2758435
Set parameter LicenseID to value 2758435
Set parameter LicenseID to value 2758435
Set parameter LicenseID to value 2758435
Set parameter LicenseID to value 2758435
Set parameter LicenseID to value 2758435
Set parameter LicenseID to value 2758435
Set parameter LicenseID to value 2758435
Set parameter LicenseID to value 2758435
Set parameter LicenseID to value 2758435
Set parameter LicenseID to value 2758435
Set parameter LicenseID to value 2758435
Set parameter LicenseID to value 2758435
Set parameter LicenseID to value 2758435
Set parameter LicenseID to value 2758435
Set parameter LicenseID to value 2758435
Set parameter LicenseID to value 2758435
Set parameter LicenseID to value 2758435
Set parameter LicenseID to value 2758435
Set parameter LicenseID to value 2758435
Set parameter LicenseID to value 2758435
Set parameter LicenseID to value 2758435
Set parameter LicenseID to value 2758435
Set parameter LicenseID to value 2758435
Set parameter LicenseID to value 2758435
Set parameter LicenseID to value 2758435
Set parameter LicenseID to value 2758435
Set parameter LicenseID to value 2758435
Set parameter LicenseID to value 2758435
Set parameter LicenseID to value 2758435
Set parameter LicenseID to value 2758435
Set parameter LicenseID to value 2758435
Set parameter LicenseID to value 2758435
Set parameter LicenseID to value 2758435
Set parameter LicenseID to value 2758435
Set parameter LicenseID to value 2758435
Set parameter LicenseID to value 2758435
Set parameter LicenseID to value 2758435
Set parameter LicenseID to value 2758435
Set parameter LicenseID to value 2758435
Set parameter LicenseID to value 2758435
Set parameter LicenseID to value 2758435
Set parameter LicenseID to value 2758435
Set parameter LicenseID to value 2758435
Set parameter LicenseID to value 2758435
Set parameter LicenseID to value 2758435
Set parameter LicenseID to value 2758435
Set parameter LicenseID to value 2758435
Set parameter LicenseID to value 2758435
Set parameter LicenseID to value 2758435
Set parameter LicenseID to value 2758435
Set parameter LicenseID to value 2758435
Set parameter LicenseID to value 2758435
Set parameter LicenseID to value 2758435
Set parameter LicenseID to value 2758435
Set parameter LicenseID to value 2758435
Set parameter LicenseID to value 2758435
Set parameter LicenseID to value 2758435
Set parameter LicenseID to value 2758435
Set parameter LicenseID to value 2758435
Set parameter LicenseID to value 2758435
Set parameter LicenseID to value 2758435
Set parameter LicenseID to value 2758435
Set parameter LicenseID to value 2758435
Set parameter LicenseID to value 2758435
Set parameter LicenseID to value 2758435
Set parameter LicenseID to value 2758435
Set parameter LicenseID to value 2758435
Set parameter LicenseID to value 2758435
Set parameter LicenseID to value 2758435
Set parameter LicenseID to value 2758435
Set parameter LicenseID to value 2758435
Set parameter LicenseID to value 2758435
Set parameter LicenseID to value 2758435
Set parameter LicenseID to value 2758435
Set parameter LicenseID to value 2758435
Set parameter LicenseID to value 2758435
Set parameter LicenseID to value 2758435
Set parameter LicenseID to value 2758435
Set parameter LicenseID to value 2758435
Set parameter LicenseID to value 2758435
Set parameter LicenseID to value 2758435
Set parameter LicenseID to value 2758435
Set parameter LicenseID to value 2758435
Set parameter LicenseID to value 2758435
Set parameter LicenseID to value 2758435
Set parameter LicenseID to value 2758435
Set parameter LicenseID to value 2758435
Set parameter LicenseID to value 2758435
Set parameter LicenseID to value 2758435
Set parameter LicenseID to value 2758435
Set parameter LicenseID to value 2758435
Set parameter LicenseID to value 2758435
Set parameter LicenseID to value 2758435
Set parameter LicenseID to value 2758435
Set parameter LicenseID to value 2758435
Set parameter LicenseID to value 2758435
Set parameter LicenseID to value 2758435
Set parameter LicenseID to value 2758435
Set parameter LicenseID to value 2758435
Set parameter LicenseID to value 2758435
Set parameter LicenseID to value 2758435
Set parameter LicenseID to value 2758435
Set parameter LicenseID to value 2758435
Set parameter LicenseID to value 2758435
Set parameter LicenseID to value 2758435
Set parameter LicenseID to value 2758435
Set parameter LicenseID to value 2758435
Set parameter LicenseID to value 2758435
Set parameter LicenseID to value 2758435
Set parameter LicenseID to value 2758435
Set parameter LicenseID to value 2758435
Set parameter LicenseID to value 2758435
Set parameter LicenseID to value 2758435
Set parameter LicenseID to value 2758435
Set parameter LicenseID to value 2758435
Set parameter LicenseID to value 2758435
Set parameter LicenseID to value 2758435
Set parameter LicenseID to value 2758435
Set parameter LicenseID to value 2758435
Set parameter LicenseID to value 2758435
Set parameter LicenseID to value 2758435
Set parameter LicenseID to value 2758435
Set parameter LicenseID to value 2758435
Set parameter LicenseID to value 2758435
Set parameter LicenseID to value 2758435
Set parameter LicenseID to value 2758435
Set parameter LicenseID to value 2758435
Set parameter LicenseID to value 2758435
Set parameter LicenseID to value 2758435
Set parameter LicenseID to value 2758435
Set parameter LicenseID to value 2758435
Set parameter LicenseID to value 2758435
Set parameter LicenseID to value 2758435
Set parameter LicenseID to value 2758435
Set parameter LicenseID to value 2758435
Set parameter LicenseID to value 2758435
Set parameter LicenseID to value 2758435
Set parameter LicenseID to value 2758435
Set parameter LicenseID to value 2758435
Set parameter LicenseID to value 2758435
Set parameter LicenseID to value 2758435
Set parameter LicenseID to value 2758435
Set parameter LicenseID to value 2758435
Set parameter LicenseID to value 2758435
Set parameter LicenseID to value 2758435
Set parameter LicenseID to value 2758435
Set parameter LicenseID to value 2758435
Set parameter LicenseID to value 2758435
Set parameter LicenseID to value 2758435
Set parameter LicenseID to value 2758435
Set parameter LicenseID to value 2758435
Set parameter LicenseID to value 2758435
Set parameter LicenseID to value 2758435
Set parameter LicenseID to value 2758435
Set parameter LicenseID to value 2758435
Set parameter LicenseID to value 2758435
Set parameter LicenseID to value 2758435
Set parameter LicenseID to value 2758435
Set parameter LicenseID to value 2758435
Set parameter LicenseID to value 2758435
Set parameter LicenseID to value 2758435
Set parameter LicenseID to value 2758435
Set parameter LicenseID to value 2758435
Set parameter LicenseID to value 2758435
Set parameter LicenseID to value 2758435
Set parameter LicenseID to value 2758435
Set parameter LicenseID to value 2758435
Set parameter LicenseID to value 2758435
Set parameter LicenseID to value 2758435
Set parameter LicenseID to value 2758435
Set parameter LicenseID to value 2758435
Set parameter LicenseID to value 2758435
Set parameter LicenseID to value 2758435
Set parameter LicenseID to value 2758435
Set parameter LicenseID to value 2758435
Set parameter LicenseID to value 2758435
Set parameter LicenseID to value 2758435
Set parameter LicenseID to value 2758435
Set parameter LicenseID to value 2758435
Set parameter LicenseID to value 2758435
Set parameter LicenseID to value 2758435
Set parameter LicenseID to value 2758435
Set parameter LicenseID to value 2758435
Set parameter LicenseID to value 2758435
Set parameter LicenseID to value 2758435
Set parameter LicenseID to value 2758435
Set parameter LicenseID to value 2758435
Set parameter LicenseID to value 2758435
done: accepted=33 rejected=367  final first-bit raw=0.318903697 rank=318903  total_cost=13 budget_ok=true elapsed=29.0s
  reject reason conf       1094
  reject reason lex        62
  reject reason no-change  303
  reject reason no-pool    2
  reject reason not-proven 12
  solves=398 avg pool pairs=9.1 avg cands=408.6 gurobi=5.37s (18.6% of elapsed)
  cand mode=mix pool_cap=24 max_w1=24 max_w2=32 global_k=0 hop_cache=true
  hops queries=52230 hits=51526 misses=704 computed=704 sets=2
  schedule=hot focus_n=10 hot_k=6 grow_mult=2 scale_cap=8 conf_gate=true scale=1 epoch_restarts=0
  freeze: pre=0 soft=0 skip=552 conf_seeds=554
  first bit PROVEN optimal: rank 318903 == structural floor 318903 (raw 0.318903697)
RESULT setA-08 accepted=33 firstbit=318903 total_cost=13 budget_ok=true
sprint compare: tie 1/1308 layers; first gap layer 2 (306868 vs 286410)
    layer 2: ours 306868 vs sprint 286410
    layer 4: ours 248216 vs sprint 235856
    layer 8: ours 205937 vs sprint 223001
    layer 9: ours 200477 vs sprint 195125
    layer 10: ours 200477 vs sprint 195125
wrote solution -> runs_diag/ab_setA-08_off.json
